Asset,Horizon,Model,Feature,Rank
CADUSD,cum10,LGB,VIXCLS,10
CADUSD,cum10,LGB,surp_nfp,9
CADUSD,cum10,LGB,surp_unemp,8
CADUSD,cum10,LGB,surp_corecpi,7
CADUSD,cum10,LGB,surp_gdp,6
CADUSD,cum10,LGB,surp_retsales,5
CADUSD,cum10,LGB,surp_ism_pmi,4
CADUSD,cum10,LGB,surp_dgorders,3
CADUSD,cum10,LGB,surp_newhomesales,2
CADUSD,cum10,LGB,surp_consconfid,1
CADUSD,cum10,LGB,surp_avghourlyearnings,0
CADUSD,cum10,LGB,surp_cpi,0
CADUSD,cum10,LGB,surp_tradebal,0
CADUSD,cum10,LGB,surp_indprod,0
CADUSD,cum10,LGB,surp_fedratedec,0
CADUSD,cum10,RF,VIXCLS,10
CADUSD,cum10,RF,surp_ism_pmi,9
CADUSD,cum10,RF,surp_nfp,8
CADUSD,cum10,RF,surp_dgorders,7
CADUSD,cum10,RF,surp_newhomesales,6
CADUSD,cum10,RF,surp_consconfid,5
CADUSD,cum10,RF,surp_tradebal,4
CADUSD,cum10,RF,surp_corecpi,3
CADUSD,cum10,RF,surp_indprod,2
CADUSD,cum10,RF,surp_cpi,1
CADUSD,cum10,RF,surp_unemp,0
CADUSD,cum10,RF,surp_gdp,0
CADUSD,cum10,RF,surp_retsales,0
CADUSD,cum10,RF,surp_avghourlyearnings,0
CADUSD,cum10,RF,surp_fedratedec,0
CADUSD,cum15,LGB,VIXCLS,10
CADUSD,cum15,LGB,surp_tradebal,9
CADUSD,cum15,LGB,surp_ism_pmi,8
CADUSD,cum15,LGB,surp_nfp,7
CADUSD,cum15,LGB,surp_consconfid,6
CADUSD,cum15,LGB,surp_newhomesales,5
CADUSD,cum15,LGB,surp_dgorders,4
CADUSD,cum15,LGB,surp_retsales,3
CADUSD,cum15,LGB,surp_indprod,2
CADUSD,cum15,LGB,surp_unemp,1
CADUSD,cum15,LGB,surp_corecpi,0
CADUSD,cum15,LGB,surp_gdp,0
CADUSD,cum15,LGB,surp_avghourlyearnings,0
CADUSD,cum15,LGB,surp_cpi,0
CADUSD,cum15,LGB,surp_fedratedec,0
CADUSD,cum15,RF,VIXCLS,10
CADUSD,cum15,RF,surp_nfp,9
CADUSD,cum15,RF,surp_consconfid,8
CADUSD,cum15,RF,surp_ism_pmi,7
CADUSD,cum15,RF,surp_newhomesales,6
CADUSD,cum15,RF,surp_dgorders,5
CADUSD,cum15,RF,surp_tradebal,4
CADUSD,cum15,RF,surp_retsales,3
CADUSD,cum15,RF,surp_indprod,2
CADUSD,cum15,RF,surp_avghourlyearnings,1
CADUSD,cum15,RF,surp_unemp,0
CADUSD,cum15,RF,surp_corecpi,0
CADUSD,cum15,RF,surp_gdp,0
CADUSD,cum15,RF,surp_cpi,0
CADUSD,cum15,RF,surp_fedratedec,0
CADUSD,cum3,LGB,VIXCLS,10
CADUSD,cum3,LGB,surp_ism_pmi,9
CADUSD,cum3,LGB,surp_newhomesales,8
CADUSD,cum3,LGB,surp_consconfid,7
CADUSD,cum3,LGB,surp_nfp,6
CADUSD,cum3,LGB,surp_dgorders,5
CADUSD,cum3,LGB,surp_indprod,4
CADUSD,cum3,LGB,surp_tradebal,3
CADUSD,cum3,LGB,surp_retsales,2
CADUSD,cum3,LGB,surp_cpi,1
CADUSD,cum3,LGB,surp_unemp,0
CADUSD,cum3,LGB,surp_corecpi,0
CADUSD,cum3,LGB,surp_gdp,0
CADUSD,cum3,LGB,surp_avghourlyearnings,0
CADUSD,cum3,LGB,surp_fedratedec,0
CADUSD,cum3,RF,VIXCLS,10
CADUSD,cum3,RF,surp_dgorders,9
CADUSD,cum3,RF,surp_nfp,8
CADUSD,cum3,RF,surp_newhomesales,7
CADUSD,cum3,RF,surp_cpi,6
CADUSD,cum3,RF,surp_ism_pmi,5
CADUSD,cum3,RF,surp_indprod,4
CADUSD,cum3,RF,surp_tradebal,3
CADUSD,cum3,RF,surp_consconfid,2
CADUSD,cum3,RF,surp_corecpi,1
CADUSD,cum3,RF,surp_unemp,0
CADUSD,cum3,RF,surp_gdp,0
CADUSD,cum3,RF,surp_retsales,0
CADUSD,cum3,RF,surp_avghourlyearnings,0
CADUSD,cum3,RF,surp_fedratedec,0
CADUSD,cum5,LGB,VIXCLS,10
CADUSD,cum5,LGB,surp_ism_pmi,9
CADUSD,cum5,LGB,surp_newhomesales,8
CADUSD,cum5,LGB,surp_nfp,7
CADUSD,cum5,LGB,surp_consconfid,6
CADUSD,cum5,LGB,surp_tradebal,5
CADUSD,cum5,LGB,surp_dgorders,4
CADUSD,cum5,LGB,surp_retsales,3
CADUSD,cum5,LGB,surp_indprod,2
CADUSD,cum5,LGB,surp_cpi,1
CADUSD,cum5,LGB,surp_unemp,0
CADUSD,cum5,LGB,surp_corecpi,0
CADUSD,cum5,LGB,surp_gdp,0
CADUSD,cum5,LGB,surp_avghourlyearnings,0
CADUSD,cum5,LGB,surp_fedratedec,0
CADUSD,cum5,RF,VIXCLS,10
CADUSD,cum5,RF,surp_dgorders,9
CADUSD,cum5,RF,surp_cpi,8
CADUSD,cum5,RF,surp_nfp,7
CADUSD,cum5,RF,surp_newhomesales,6
CADUSD,cum5,RF,surp_corecpi,5
CADUSD,cum5,RF,surp_retsales,4
CADUSD,cum5,RF,surp_ism_pmi,3
CADUSD,cum5,RF,surp_tradebal,2
CADUSD,cum5,RF,surp_consconfid,1
CADUSD,cum5,RF,surp_unemp,0
CADUSD,cum5,RF,surp_gdp,0
CADUSD,cum5,RF,surp_avghourlyearnings,0
CADUSD,cum5,RF,surp_indprod,0
CADUSD,cum5,RF,surp_fedratedec,0
CADUSD,spot,LGB,VIXCLS,15
CADUSD,spot,LGB,surp_nfp,14
CADUSD,spot,LGB,surp_unemp,13
CADUSD,spot,LGB,surp_corecpi,12
CADUSD,spot,LGB,surp_gdp,11
CADUSD,spot,LGB,surp_retsales,10
CADUSD,spot,LGB,surp_ism_pmi,9
CADUSD,spot,LGB,surp_dgorders,8
CADUSD,spot,LGB,surp_newhomesales,7
CADUSD,spot,LGB,surp_consconfid,6
CADUSD,spot,LGB,surp_avghourlyearnings,5
CADUSD,spot,LGB,surp_cpi,4
CADUSD,spot,LGB,surp_tradebal,3
CADUSD,spot,LGB,surp_indprod,2
CADUSD,spot,LGB,surp_fedratedec,1
CADUSD,spot,RF,VIXCLS,15
CADUSD,spot,RF,surp_dgorders,14
CADUSD,spot,RF,surp_corecpi,13
CADUSD,spot,RF,surp_nfp,12
CADUSD,spot,RF,surp_ism_pmi,11
CADUSD,spot,RF,surp_tradebal,10
CADUSD,spot,RF,surp_consconfid,9
CADUSD,spot,RF,surp_newhomesales,8
CADUSD,spot,RF,surp_avghourlyearnings,7
CADUSD,spot,RF,surp_cpi,6
CADUSD,spot,RF,surp_retsales,5
CADUSD,spot,RF,surp_indprod,4
CADUSD,spot,RF,surp_unemp,3
CADUSD,spot,RF,surp_gdp,2
CADUSD,spot,RF,surp_fedratedec,1
EURUSD,cum10,LGB,VIXCLS,2
EURUSD,cum10,LGB,surp_nfp,1
EURUSD,cum10,LGB,surp_unemp,0
EURUSD,cum10,LGB,surp_corecpi,0
EURUSD,cum10,LGB,surp_gdp,0
EURUSD,cum10,LGB,surp_retsales,0
EURUSD,cum10,LGB,surp_ism_pmi,0
EURUSD,cum10,LGB,surp_dgorders,0
EURUSD,cum10,LGB,surp_newhomesales,0
EURUSD,cum10,LGB,surp_consconfid,0
EURUSD,cum10,LGB,surp_avghourlyearnings,0
EURUSD,cum10,LGB,surp_cpi,0
EURUSD,cum10,LGB,surp_tradebal,0
EURUSD,cum10,LGB,surp_indprod,0
EURUSD,cum10,LGB,surp_fedratedec,0
EURUSD,cum10,RF,VIXCLS,2
EURUSD,cum10,RF,surp_nfp,1
EURUSD,cum10,RF,surp_unemp,0
EURUSD,cum10,RF,surp_corecpi,0
EURUSD,cum10,RF,surp_gdp,0
EURUSD,cum10,RF,surp_retsales,0
EURUSD,cum10,RF,surp_ism_pmi,0
EURUSD,cum10,RF,surp_dgorders,0
EURUSD,cum10,RF,surp_newhomesales,0
EURUSD,cum10,RF,surp_consconfid,0
EURUSD,cum10,RF,surp_avghourlyearnings,0
EURUSD,cum10,RF,surp_cpi,0
EURUSD,cum10,RF,surp_tradebal,0
EURUSD,cum10,RF,surp_indprod,0
EURUSD,cum10,RF,surp_fedratedec,0
EURUSD,cum15,LGB,VIXCLS,2
EURUSD,cum15,LGB,surp_nfp,1
EURUSD,cum15,LGB,surp_unemp,0
EURUSD,cum15,LGB,surp_corecpi,0
EURUSD,cum15,LGB,surp_gdp,0
EURUSD,cum15,LGB,surp_retsales,0
EURUSD,cum15,LGB,surp_ism_pmi,0
EURUSD,cum15,LGB,surp_dgorders,0
EURUSD,cum15,LGB,surp_newhomesales,0
EURUSD,cum15,LGB,surp_consconfid,0
EURUSD,cum15,LGB,surp_avghourlyearnings,0
EURUSD,cum15,LGB,surp_cpi,0
EURUSD,cum15,LGB,surp_tradebal,0
EURUSD,cum15,LGB,surp_indprod,0
EURUSD,cum15,LGB,surp_fedratedec,0
EURUSD,cum15,RF,VIXCLS,2
EURUSD,cum15,RF,surp_nfp,1
EURUSD,cum15,RF,surp_unemp,0
EURUSD,cum15,RF,surp_corecpi,0
EURUSD,cum15,RF,surp_gdp,0
EURUSD,cum15,RF,surp_retsales,0
EURUSD,cum15,RF,surp_ism_pmi,0
EURUSD,cum15,RF,surp_dgorders,0
EURUSD,cum15,RF,surp_newhomesales,0
EURUSD,cum15,RF,surp_consconfid,0
EURUSD,cum15,RF,surp_avghourlyearnings,0
EURUSD,cum15,RF,surp_cpi,0
EURUSD,cum15,RF,surp_tradebal,0
EURUSD,cum15,RF,surp_indprod,0
EURUSD,cum15,RF,surp_fedratedec,0
EURUSD,cum3,LGB,VIXCLS,2
EURUSD,cum3,LGB,surp_nfp,1
EURUSD,cum3,LGB,surp_unemp,0
EURUSD,cum3,LGB,surp_corecpi,0
EURUSD,cum3,LGB,surp_gdp,0
EURUSD,cum3,LGB,surp_retsales,0
EURUSD,cum3,LGB,surp_ism_pmi,0
EURUSD,cum3,LGB,surp_dgorders,0
EURUSD,cum3,LGB,surp_newhomesales,0
EURUSD,cum3,LGB,surp_consconfid,0
EURUSD,cum3,LGB,surp_avghourlyearnings,0
EURUSD,cum3,LGB,surp_cpi,0
EURUSD,cum3,LGB,surp_tradebal,0
EURUSD,cum3,LGB,surp_indprod,0
EURUSD,cum3,LGB,surp_fedratedec,0
EURUSD,cum3,RF,VIXCLS,2
EURUSD,cum3,RF,surp_nfp,1
EURUSD,cum3,RF,surp_unemp,0
EURUSD,cum3,RF,surp_corecpi,0
EURUSD,cum3,RF,surp_gdp,0
EURUSD,cum3,RF,surp_retsales,0
EURUSD,cum3,RF,surp_ism_pmi,0
EURUSD,cum3,RF,surp_dgorders,0
EURUSD,cum3,RF,surp_newhomesales,0
EURUSD,cum3,RF,surp_consconfid,0
EURUSD,cum3,RF,surp_avghourlyearnings,0
EURUSD,cum3,RF,surp_cpi,0
EURUSD,cum3,RF,surp_tradebal,0
EURUSD,cum3,RF,surp_indprod,0
EURUSD,cum3,RF,surp_fedratedec,0
EURUSD,cum5,LGB,VIXCLS,10
EURUSD,cum5,LGB,surp_nfp,9
EURUSD,cum5,LGB,surp_unemp,8
EURUSD,cum5,LGB,surp_corecpi,7
EURUSD,cum5,LGB,surp_gdp,6
EURUSD,cum5,LGB,surp_retsales,5
EURUSD,cum5,LGB,surp_ism_pmi,4
EURUSD,cum5,LGB,surp_dgorders,3
EURUSD,cum5,LGB,surp_newhomesales,2
EURUSD,cum5,LGB,surp_consconfid,1
EURUSD,cum5,LGB,surp_avghourlyearnings,0
EURUSD,cum5,LGB,surp_cpi,0
EURUSD,cum5,LGB,surp_tradebal,0
EURUSD,cum5,LGB,surp_indprod,0
EURUSD,cum5,LGB,surp_fedratedec,0
EURUSD,cum5,RF,VIXCLS,10
EURUSD,cum5,RF,surp_ism_pmi,9
EURUSD,cum5,RF,surp_nfp,8
EURUSD,cum5,RF,surp_consconfid,7
EURUSD,cum5,RF,surp_tradebal,6
EURUSD,cum5,RF,surp_dgorders,5
EURUSD,cum5,RF,surp_retsales,4
EURUSD,cum5,RF,surp_newhomesales,3
EURUSD,cum5,RF,surp_corecpi,2
EURUSD,cum5,RF,surp_indprod,1
EURUSD,cum5,RF,surp_unemp,0
EURUSD,cum5,RF,surp_gdp,0
EURUSD,cum5,RF,surp_avghourlyearnings,0
EURUSD,cum5,RF,surp_cpi,0
EURUSD,cum5,RF,surp_fedratedec,0
EURUSD,spot,LGB,VIXCLS,15
EURUSD,spot,LGB,surp_nfp,14
EURUSD,spot,LGB,surp_tradebal,13
EURUSD,spot,LGB,surp_ism_pmi,12
EURUSD,spot,LGB,surp_newhomesales,11
EURUSD,spot,LGB,surp_consconfid,10
EURUSD,spot,LGB,surp_retsales,9
EURUSD,spot,LGB,surp_dgorders,8
EURUSD,spot,LGB,surp_indprod,7
EURUSD,spot,LGB,surp_unemp,6
EURUSD,spot,LGB,surp_avghourlyearnings,5
EURUSD,spot,LGB,surp_corecpi,4
EURUSD,spot,LGB,surp_gdp,3
EURUSD,spot,LGB,surp_cpi,2
EURUSD,spot,LGB,surp_fedratedec,1
EURUSD,spot,RF,VIXCLS,15
EURUSD,spot,RF,surp_nfp,14
EURUSD,spot,RF,surp_avghourlyearnings,13
EURUSD,spot,RF,surp_unemp,12
EURUSD,spot,RF,surp_tradebal,11
EURUSD,spot,RF,surp_consconfid,10
EURUSD,spot,RF,surp_retsales,9
EURUSD,spot,RF,surp_ism_pmi,8
EURUSD,spot,RF,surp_dgorders,7
EURUSD,spot,RF,surp_newhomesales,6
EURUSD,spot,RF,surp_corecpi,5
EURUSD,spot,RF,surp_indprod,4
EURUSD,spot,RF,surp_cpi,3
EURUSD,spot,RF,surp_gdp,2
EURUSD,spot,RF,surp_fedratedec,1
GBPUSD,cum10,LGB,VIXCLS,2
GBPUSD,cum10,LGB,surp_nfp,1
GBPUSD,cum10,LGB,surp_unemp,0
GBPUSD,cum10,LGB,surp_corecpi,0
GBPUSD,cum10,LGB,surp_gdp,0
GBPUSD,cum10,LGB,surp_retsales,0
GBPUSD,cum10,LGB,surp_ism_pmi,0
GBPUSD,cum10,LGB,surp_dgorders,0
GBPUSD,cum10,LGB,surp_newhomesales,0
GBPUSD,cum10,LGB,surp_consconfid,0
GBPUSD,cum10,LGB,surp_avghourlyearnings,0
GBPUSD,cum10,LGB,surp_cpi,0
GBPUSD,cum10,LGB,surp_tradebal,0
GBPUSD,cum10,LGB,surp_indprod,0
GBPUSD,cum10,LGB,surp_fedratedec,0
GBPUSD,cum10,RF,VIXCLS,10
GBPUSD,cum10,RF,surp_newhomesales,9
GBPUSD,cum10,RF,surp_dgorders,8
GBPUSD,cum10,RF,surp_tradebal,7
GBPUSD,cum10,RF,surp_retsales,6
GBPUSD,cum10,RF,surp_nfp,5
GBPUSD,cum10,RF,surp_unemp,4
GBPUSD,cum10,RF,surp_ism_pmi,3
GBPUSD,cum10,RF,surp_consconfid,2
GBPUSD,cum10,RF,surp_corecpi,1
GBPUSD,cum10,RF,surp_gdp,0
GBPUSD,cum10,RF,surp_avghourlyearnings,0
GBPUSD,cum10,RF,surp_cpi,0
GBPUSD,cum10,RF,surp_indprod,0
GBPUSD,cum10,RF,surp_fedratedec,0
GBPUSD,cum15,LGB,VIXCLS,2
GBPUSD,cum15,LGB,surp_nfp,1
GBPUSD,cum15,LGB,surp_unemp,0
GBPUSD,cum15,LGB,surp_corecpi,0
GBPUSD,cum15,LGB,surp_gdp,0
GBPUSD,cum15,LGB,surp_retsales,0
GBPUSD,cum15,LGB,surp_ism_pmi,0
GBPUSD,cum15,LGB,surp_dgorders,0
GBPUSD,cum15,LGB,surp_newhomesales,0
GBPUSD,cum15,LGB,surp_consconfid,0
GBPUSD,cum15,LGB,surp_avghourlyearnings,0
GBPUSD,cum15,LGB,surp_cpi,0
GBPUSD,cum15,LGB,surp_tradebal,0
GBPUSD,cum15,LGB,surp_indprod,0
GBPUSD,cum15,LGB,surp_fedratedec,0
GBPUSD,cum15,RF,VIXCLS,10
GBPUSD,cum15,RF,surp_tradebal,9
GBPUSD,cum15,RF,surp_nfp,8
GBPUSD,cum15,RF,surp_ism_pmi,7
GBPUSD,cum15,RF,surp_dgorders,6
GBPUSD,cum15,RF,surp_retsales,5
GBPUSD,cum15,RF,surp_consconfid,4
GBPUSD,cum15,RF,surp_newhomesales,3
GBPUSD,cum15,RF,surp_cpi,2
GBPUSD,cum15,RF,surp_indprod,1
GBPUSD,cum15,RF,surp_unemp,0
GBPUSD,cum15,RF,surp_corecpi,0
GBPUSD,cum15,RF,surp_gdp,0
GBPUSD,cum15,RF,surp_avghourlyearnings,0
GBPUSD,cum15,RF,surp_fedratedec,0
GBPUSD,cum3,LGB,VIXCLS,2
GBPUSD,cum3,LGB,surp_nfp,1
GBPUSD,cum3,LGB,surp_unemp,0
GBPUSD,cum3,LGB,surp_corecpi,0
GBPUSD,cum3,LGB,surp_gdp,0
GBPUSD,cum3,LGB,surp_retsales,0
GBPUSD,cum3,LGB,surp_ism_pmi,0
GBPUSD,cum3,LGB,surp_dgorders,0
GBPUSD,cum3,LGB,surp_newhomesales,0
GBPUSD,cum3,LGB,surp_consconfid,0
GBPUSD,cum3,LGB,surp_avghourlyearnings,0
GBPUSD,cum3,LGB,surp_cpi,0
GBPUSD,cum3,LGB,surp_tradebal,0
GBPUSD,cum3,LGB,surp_indprod,0
GBPUSD,cum3,LGB,surp_fedratedec,0
GBPUSD,cum3,RF,VIXCLS,10
GBPUSD,cum3,RF,surp_corecpi,9
GBPUSD,cum3,RF,surp_newhomesales,8
GBPUSD,cum3,RF,surp_nfp,7
GBPUSD,cum3,RF,surp_dgorders,6
GBPUSD,cum3,RF,surp_retsales,5
GBPUSD,cum3,RF,surp_consconfid,4
GBPUSD,cum3,RF,surp_unemp,3
GBPUSD,cum3,RF,surp_tradebal,2
GBPUSD,cum3,RF,surp_indprod,1
GBPUSD,cum3,RF,surp_gdp,0
GBPUSD,cum3,RF,surp_ism_pmi,0
GBPUSD,cum3,RF,surp_avghourlyearnings,0
GBPUSD,cum3,RF,surp_cpi,0
GBPUSD,cum3,RF,surp_fedratedec,0
GBPUSD,cum5,LGB,VIXCLS,2
GBPUSD,cum5,LGB,surp_nfp,1
GBPUSD,cum5,LGB,surp_unemp,0
GBPUSD,cum5,LGB,surp_corecpi,0
GBPUSD,cum5,LGB,surp_gdp,0
GBPUSD,cum5,LGB,surp_retsales,0
GBPUSD,cum5,LGB,surp_ism_pmi,0
GBPUSD,cum5,LGB,surp_dgorders,0
GBPUSD,cum5,LGB,surp_newhomesales,0
GBPUSD,cum5,LGB,surp_consconfid,0
GBPUSD,cum5,LGB,surp_avghourlyearnings,0
GBPUSD,cum5,LGB,surp_cpi,0
GBPUSD,cum5,LGB,surp_tradebal,0
GBPUSD,cum5,LGB,surp_indprod,0
GBPUSD,cum5,LGB,surp_fedratedec,0
GBPUSD,cum5,RF,VIXCLS,10
GBPUSD,cum5,RF,surp_corecpi,9
GBPUSD,cum5,RF,surp_newhomesales,8
GBPUSD,cum5,RF,surp_ism_pmi,7
GBPUSD,cum5,RF,surp_tradebal,6
GBPUSD,cum5,RF,surp_consconfid,5
GBPUSD,cum5,RF,surp_dgorders,4
GBPUSD,cum5,RF,surp_cpi,3
GBPUSD,cum5,RF,surp_retsales,2
GBPUSD,cum5,RF,surp_indprod,1
GBPUSD,cum5,RF,surp_nfp,0
GBPUSD,cum5,RF,surp_unemp,0
GBPUSD,cum5,RF,surp_gdp,0
GBPUSD,cum5,RF,surp_avghourlyearnings,0
GBPUSD,cum5,RF,surp_fedratedec,0
GBPUSD,spot,LGB,VIXCLS,15
GBPUSD,spot,LGB,surp_nfp,14
GBPUSD,spot,LGB,surp_unemp,13
GBPUSD,spot,LGB,surp_corecpi,12
GBPUSD,spot,LGB,surp_gdp,11
GBPUSD,spot,LGB,surp_retsales,10
GBPUSD,spot,LGB,surp_ism_pmi,9
GBPUSD,spot,LGB,surp_dgorders,8
GBPUSD,spot,LGB,surp_newhomesales,7
GBPUSD,spot,LGB,surp_consconfid,6
GBPUSD,spot,LGB,surp_avghourlyearnings,5
GBPUSD,spot,LGB,surp_cpi,4
GBPUSD,spot,LGB,surp_tradebal,3
GBPUSD,spot,LGB,surp_indprod,2
GBPUSD,spot,LGB,surp_fedratedec,1
GBPUSD,spot,RF,VIXCLS,15
GBPUSD,spot,RF,surp_consconfid,14
GBPUSD,spot,RF,surp_retsales,13
GBPUSD,spot,RF,surp_nfp,12
GBPUSD,spot,RF,surp_newhomesales,11
GBPUSD,spot,RF,surp_tradebal,10
GBPUSD,spot,RF,surp_ism_pmi,9
GBPUSD,spot,RF,surp_dgorders,8
GBPUSD,spot,RF,surp_indprod,7
GBPUSD,spot,RF,surp_unemp,6
GBPUSD,spot,RF,surp_avghourlyearnings,5
GBPUSD,spot,RF,surp_cpi,4
GBPUSD,spot,RF,surp_corecpi,3
GBPUSD,spot,RF,surp_gdp,2
GBPUSD,spot,RF,surp_fedratedec,1
GC,cum10,LGB,VIXCLS,10
GC,cum10,LGB,surp_tradebal,9
GC,cum10,LGB,surp_ism_pmi,8
GC,cum10,LGB,surp_nfp,7
GC,cum10,LGB,surp_consconfid,6
GC,cum10,LGB,surp_dgorders,5
GC,cum10,LGB,surp_newhomesales,4
GC,cum10,LGB,surp_retsales,3
GC,cum10,LGB,surp_indprod,2
GC,cum10,LGB,surp_unemp,1
GC,cum10,LGB,surp_corecpi,0
GC,cum10,LGB,surp_gdp,0
GC,cum10,LGB,surp_avghourlyearnings,0
GC,cum10,LGB,surp_cpi,0
GC,cum10,LGB,surp_fedratedec,0
GC,cum10,RF,VIXCLS,10
GC,cum10,RF,surp_tradebal,9
GC,cum10,RF,surp_nfp,8
GC,cum10,RF,surp_dgorders,7
GC,cum10,RF,surp_ism_pmi,6
GC,cum10,RF,surp_newhomesales,5
GC,cum10,RF,surp_consconfid,4
GC,cum10,RF,surp_retsales,3
GC,cum10,RF,surp_indprod,2
GC,cum10,RF,surp_avghourlyearnings,1
GC,cum10,RF,surp_unemp,0
GC,cum10,RF,surp_corecpi,0
GC,cum10,RF,surp_gdp,0
GC,cum10,RF,surp_cpi,0
GC,cum10,RF,surp_fedratedec,0
GC,cum15,LGB,VIXCLS,2
GC,cum15,LGB,surp_nfp,1
GC,cum15,LGB,surp_unemp,0
GC,cum15,LGB,surp_corecpi,0
GC,cum15,LGB,surp_gdp,0
GC,cum15,LGB,surp_retsales,0
GC,cum15,LGB,surp_ism_pmi,0
GC,cum15,LGB,surp_dgorders,0
GC,cum15,LGB,surp_newhomesales,0
GC,cum15,LGB,surp_consconfid,0
GC,cum15,LGB,surp_avghourlyearnings,0
GC,cum15,LGB,surp_cpi,0
GC,cum15,LGB,surp_tradebal,0
GC,cum15,LGB,surp_indprod,0
GC,cum15,LGB,surp_fedratedec,0
GC,cum15,RF,VIXCLS,10
GC,cum15,RF,surp_tradebal,9
GC,cum15,RF,surp_retsales,8
GC,cum15,RF,surp_avghourlyearnings,7
GC,cum15,RF,surp_ism_pmi,6
GC,cum15,RF,surp_nfp,5
GC,cum15,RF,surp_dgorders,4
GC,cum15,RF,surp_consconfid,3
GC,cum15,RF,surp_newhomesales,2
GC,cum15,RF,surp_indprod,1
GC,cum15,RF,surp_unemp,0
GC,cum15,RF,surp_corecpi,0
GC,cum15,RF,surp_gdp,0
GC,cum15,RF,surp_cpi,0
GC,cum15,RF,surp_fedratedec,0
GC,cum3,LGB,VIXCLS,10
GC,cum3,LGB,surp_tradebal,9
GC,cum3,LGB,surp_nfp,8
GC,cum3,LGB,surp_ism_pmi,7
GC,cum3,LGB,surp_consconfid,6
GC,cum3,LGB,surp_newhomesales,5
GC,cum3,LGB,surp_retsales,4
GC,cum3,LGB,surp_dgorders,3
GC,cum3,LGB,surp_indprod,2
GC,cum3,LGB,surp_unemp,1
GC,cum3,LGB,surp_corecpi,0
GC,cum3,LGB,surp_gdp,0
GC,cum3,LGB,surp_avghourlyearnings,0
GC,cum3,LGB,surp_cpi,0
GC,cum3,LGB,surp_fedratedec,0
GC,cum3,RF,VIXCLS,10
GC,cum3,RF,surp_nfp,9
GC,cum3,RF,surp_indprod,8
GC,cum3,RF,surp_retsales,7
GC,cum3,RF,surp_newhomesales,6
GC,cum3,RF,surp_consconfid,5
GC,cum3,RF,surp_ism_pmi,4
GC,cum3,RF,surp_cpi,3
GC,cum3,RF,surp_tradebal,2
GC,cum3,RF,surp_dgorders,1
GC,cum3,RF,surp_unemp,0
GC,cum3,RF,surp_corecpi,0
GC,cum3,RF,surp_gdp,0
GC,cum3,RF,surp_avghourlyearnings,0
GC,cum3,RF,surp_fedratedec,0
GC,cum5,LGB,VIXCLS,10
GC,cum5,LGB,surp_tradebal,9
GC,cum5,LGB,surp_nfp,8
GC,cum5,LGB,surp_ism_pmi,7
GC,cum5,LGB,surp_consconfid,6
GC,cum5,LGB,surp_newhomesales,5
GC,cum5,LGB,surp_retsales,4
GC,cum5,LGB,surp_dgorders,3
GC,cum5,LGB,surp_indprod,2
GC,cum5,LGB,surp_unemp,1
GC,cum5,LGB,surp_corecpi,0
GC,cum5,LGB,surp_gdp,0
GC,cum5,LGB,surp_avghourlyearnings,0
GC,cum5,LGB,surp_cpi,0
GC,cum5,LGB,surp_fedratedec,0
GC,cum5,RF,VIXCLS,10
GC,cum5,RF,surp_tradebal,9
GC,cum5,RF,surp_nfp,8
GC,cum5,RF,surp_retsales,7
GC,cum5,RF,surp_indprod,6
GC,cum5,RF,surp_newhomesales,5
GC,cum5,RF,surp_consconfid,4
GC,cum5,RF,surp_dgorders,3
GC,cum5,RF,surp_ism_pmi,2
GC,cum5,RF,surp_unemp,1
GC,cum5,RF,surp_corecpi,0
GC,cum5,RF,surp_gdp,0
GC,cum5,RF,surp_avghourlyearnings,0
GC,cum5,RF,surp_cpi,0
GC,cum5,RF,surp_fedratedec,0
GC,spot,LGB,VIXCLS,15
GC,spot,LGB,surp_consconfid,14
GC,spot,LGB,surp_tradebal,13
GC,spot,LGB,surp_retsales,12
GC,spot,LGB,surp_nfp,11
GC,spot,LGB,surp_ism_pmi,10
GC,spot,LGB,surp_newhomesales,9
GC,spot,LGB,surp_dgorders,8
GC,spot,LGB,surp_indprod,7
GC,spot,LGB,surp_unemp,6
GC,spot,LGB,surp_avghourlyearnings,5
GC,spot,LGB,surp_corecpi,4
GC,spot,LGB,surp_gdp,3
GC,spot,LGB,surp_cpi,2
GC,spot,LGB,surp_fedratedec,1
GC,spot,RF,VIXCLS,15
GC,spot,RF,surp_retsales,14
GC,spot,RF,surp_nfp,13
GC,spot,RF,surp_unemp,12
GC,spot,RF,surp_tradebal,11
GC,spot,RF,surp_ism_pmi,10
GC,spot,RF,surp_newhomesales,9
GC,spot,RF,surp_cpi,8
GC,spot,RF,surp_dgorders,7
GC,spot,RF,surp_consconfid,6
GC,spot,RF,surp_indprod,5
GC,spot,RF,surp_avghourlyearnings,4
GC,spot,RF,surp_corecpi,3
GC,spot,RF,surp_gdp,2
GC,spot,RF,surp_fedratedec,1
GSPC,cum10,LGB,VIXCLS,1
GSPC,cum10,LGB,surp_nfp,0
GSPC,cum10,LGB,surp_unemp,0
GSPC,cum10,LGB,surp_corecpi,0
GSPC,cum10,LGB,surp_gdp,0
GSPC,cum10,LGB,surp_retsales,0
GSPC,cum10,LGB,surp_ism_pmi,0
GSPC,cum10,LGB,surp_dgorders,0
GSPC,cum10,LGB,surp_newhomesales,0
GSPC,cum10,LGB,surp_consconfid,0
GSPC,cum10,LGB,surp_avghourlyearnings,0
GSPC,cum10,LGB,surp_cpi,0
GSPC,cum10,LGB,surp_tradebal,0
GSPC,cum10,LGB,surp_indprod,0
GSPC,cum10,LGB,surp_fedratedec,0
GSPC,cum10,RF,VIXCLS,1
GSPC,cum10,RF,surp_nfp,0
GSPC,cum10,RF,surp_unemp,0
GSPC,cum10,RF,surp_corecpi,0
GSPC,cum10,RF,surp_gdp,0
GSPC,cum10,RF,surp_retsales,0
GSPC,cum10,RF,surp_ism_pmi,0
GSPC,cum10,RF,surp_dgorders,0
GSPC,cum10,RF,surp_newhomesales,0
GSPC,cum10,RF,surp_consconfid,0
GSPC,cum10,RF,surp_avghourlyearnings,0
GSPC,cum10,RF,surp_cpi,0
GSPC,cum10,RF,surp_tradebal,0
GSPC,cum10,RF,surp_indprod,0
GSPC,cum10,RF,surp_fedratedec,0
GSPC,cum15,LGB,VIXCLS,1
GSPC,cum15,LGB,surp_nfp,0
GSPC,cum15,LGB,surp_unemp,0
GSPC,cum15,LGB,surp_corecpi,0
GSPC,cum15,LGB,surp_gdp,0
GSPC,cum15,LGB,surp_retsales,0
GSPC,cum15,LGB,surp_ism_pmi,0
GSPC,cum15,LGB,surp_dgorders,0
GSPC,cum15,LGB,surp_newhomesales,0
GSPC,cum15,LGB,surp_consconfid,0
GSPC,cum15,LGB,surp_avghourlyearnings,0
GSPC,cum15,LGB,surp_cpi,0
GSPC,cum15,LGB,surp_tradebal,0
GSPC,cum15,LGB,surp_indprod,0
GSPC,cum15,LGB,surp_fedratedec,0
GSPC,cum15,RF,VIXCLS,10
GSPC,cum15,RF,surp_ism_pmi,9
GSPC,cum15,RF,surp_consconfid,8
GSPC,cum15,RF,surp_nfp,7
GSPC,cum15,RF,surp_tradebal,6
GSPC,cum15,RF,surp_dgorders,5
GSPC,cum15,RF,surp_retsales,4
GSPC,cum15,RF,surp_newhomesales,3
GSPC,cum15,RF,surp_indprod,2
GSPC,cum15,RF,surp_avghourlyearnings,1
GSPC,cum15,RF,surp_unemp,0
GSPC,cum15,RF,surp_corecpi,0
GSPC,cum15,RF,surp_gdp,0
GSPC,cum15,RF,surp_cpi,0
GSPC,cum15,RF,surp_fedratedec,0
GSPC,cum3,LGB,VIXCLS,1
GSPC,cum3,LGB,surp_nfp,0
GSPC,cum3,LGB,surp_unemp,0
GSPC,cum3,LGB,surp_corecpi,0
GSPC,cum3,LGB,surp_gdp,0
GSPC,cum3,LGB,surp_retsales,0
GSPC,cum3,LGB,surp_ism_pmi,0
GSPC,cum3,LGB,surp_dgorders,0
GSPC,cum3,LGB,surp_newhomesales,0
GSPC,cum3,LGB,surp_consconfid,0
GSPC,cum3,LGB,surp_avghourlyearnings,0
GSPC,cum3,LGB,surp_cpi,0
GSPC,cum3,LGB,surp_tradebal,0
GSPC,cum3,LGB,surp_indprod,0
GSPC,cum3,LGB,surp_fedratedec,0
GSPC,cum3,RF,VIXCLS,1
GSPC,cum3,RF,surp_nfp,0
GSPC,cum3,RF,surp_unemp,0
GSPC,cum3,RF,surp_corecpi,0
GSPC,cum3,RF,surp_gdp,0
GSPC,cum3,RF,surp_retsales,0
GSPC,cum3,RF,surp_ism_pmi,0
GSPC,cum3,RF,surp_dgorders,0
GSPC,cum3,RF,surp_newhomesales,0
GSPC,cum3,RF,surp_consconfid,0
GSPC,cum3,RF,surp_avghourlyearnings,0
GSPC,cum3,RF,surp_cpi,0
GSPC,cum3,RF,surp_tradebal,0
GSPC,cum3,RF,surp_indprod,0
GSPC,cum3,RF,surp_fedratedec,0
GSPC,cum5,LGB,VIXCLS,1
GSPC,cum5,LGB,surp_nfp,0
GSPC,cum5,LGB,surp_unemp,0
GSPC,cum5,LGB,surp_corecpi,0
GSPC,cum5,LGB,surp_gdp,0
GSPC,cum5,LGB,surp_retsales,0
GSPC,cum5,LGB,surp_ism_pmi,0
GSPC,cum5,LGB,surp_dgorders,0
GSPC,cum5,LGB,surp_newhomesales,0
GSPC,cum5,LGB,surp_consconfid,0
GSPC,cum5,LGB,surp_avghourlyearnings,0
GSPC,cum5,LGB,surp_cpi,0
GSPC,cum5,LGB,surp_tradebal,0
GSPC,cum5,LGB,surp_indprod,0
GSPC,cum5,LGB,surp_fedratedec,0
GSPC,cum5,RF,VIXCLS,1
GSPC,cum5,RF,surp_nfp,0
GSPC,cum5,RF,surp_unemp,0
GSPC,cum5,RF,surp_corecpi,0
GSPC,cum5,RF,surp_gdp,0
GSPC,cum5,RF,surp_retsales,0
GSPC,cum5,RF,surp_ism_pmi,0
GSPC,cum5,RF,surp_dgorders,0
GSPC,cum5,RF,surp_newhomesales,0
GSPC,cum5,RF,surp_consconfid,0
GSPC,cum5,RF,surp_avghourlyearnings,0
GSPC,cum5,RF,surp_cpi,0
GSPC,cum5,RF,surp_tradebal,0
GSPC,cum5,RF,surp_indprod,0
GSPC,cum5,RF,surp_fedratedec,0
GSPC,spot,LGB,VIXCLS,15
GSPC,spot,LGB,surp_nfp,14
GSPC,spot,LGB,surp_unemp,13
GSPC,spot,LGB,surp_corecpi,12
GSPC,spot,LGB,surp_gdp,11
GSPC,spot,LGB,surp_retsales,10
GSPC,spot,LGB,surp_ism_pmi,9
GSPC,spot,LGB,surp_dgorders,8
GSPC,spot,LGB,surp_newhomesales,7
GSPC,spot,LGB,surp_consconfid,6
GSPC,spot,LGB,surp_avghourlyearnings,5
GSPC,spot,LGB,surp_cpi,4
GSPC,spot,LGB,surp_tradebal,3
GSPC,spot,LGB,surp_indprod,2
GSPC,spot,LGB,surp_fedratedec,1
GSPC,spot,RF,VIXCLS,15
GSPC,spot,RF,surp_tradebal,14
GSPC,spot,RF,surp_dgorders,13
GSPC,spot,RF,surp_consconfid,12
GSPC,spot,RF,surp_newhomesales,11
GSPC,spot,RF,surp_nfp,10
GSPC,spot,RF,surp_retsales,9
GSPC,spot,RF,surp_ism_pmi,8
GSPC,spot,RF,surp_indprod,7
GSPC,spot,RF,surp_unemp,6
GSPC,spot,RF,surp_avghourlyearnings,5
GSPC,spot,RF,surp_cpi,4
GSPC,spot,RF,surp_corecpi,3
GSPC,spot,RF,surp_gdp,2
GSPC,spot,RF,surp_fedratedec,1
JPYUSD,cum10,LGB,VIXCLS,10
JPYUSD,cum10,LGB,surp_tradebal,9
JPYUSD,cum10,LGB,surp_ism_pmi,8
JPYUSD,cum10,LGB,surp_nfp,7
JPYUSD,cum10,LGB,surp_dgorders,6
JPYUSD,cum10,LGB,surp_consconfid,5
JPYUSD,cum10,LGB,surp_retsales,4
JPYUSD,cum10,LGB,surp_newhomesales,3
JPYUSD,cum10,LGB,surp_indprod,2
JPYUSD,cum10,LGB,surp_unemp,1
JPYUSD,cum10,LGB,surp_corecpi,0
JPYUSD,cum10,LGB,surp_gdp,0
JPYUSD,cum10,LGB,surp_avghourlyearnings,0
JPYUSD,cum10,LGB,surp_cpi,0
JPYUSD,cum10,LGB,surp_fedratedec,0
JPYUSD,cum10,RF,VIXCLS,10
JPYUSD,cum10,RF,surp_newhomesales,9
JPYUSD,cum10,RF,surp_nfp,8
JPYUSD,cum10,RF,surp_tradebal,7
JPYUSD,cum10,RF,surp_dgorders,6
JPYUSD,cum10,RF,surp_ism_pmi,5
JPYUSD,cum10,RF,surp_retsales,4
JPYUSD,cum10,RF,surp_consconfid,3
JPYUSD,cum10,RF,surp_indprod,2
JPYUSD,cum10,RF,surp_corecpi,1
JPYUSD,cum10,RF,surp_unemp,0
JPYUSD,cum10,RF,surp_gdp,0
JPYUSD,cum10,RF,surp_avghourlyearnings,0
JPYUSD,cum10,RF,surp_cpi,0
JPYUSD,cum10,RF,surp_fedratedec,0
JPYUSD,cum15,LGB,VIXCLS,10
JPYUSD,cum15,LGB,surp_tradebal,9
JPYUSD,cum15,LGB,surp_nfp,8
JPYUSD,cum15,LGB,surp_ism_pmi,7
JPYUSD,cum15,LGB,surp_newhomesales,6
JPYUSD,cum15,LGB,surp_consconfid,5
JPYUSD,cum15,LGB,surp_retsales,4
JPYUSD,cum15,LGB,surp_dgorders,3
JPYUSD,cum15,LGB,surp_indprod,2
JPYUSD,cum15,LGB,surp_unemp,1
JPYUSD,cum15,LGB,surp_corecpi,0
JPYUSD,cum15,LGB,surp_gdp,0
JPYUSD,cum15,LGB,surp_avghourlyearnings,0
JPYUSD,cum15,LGB,surp_cpi,0
JPYUSD,cum15,LGB,surp_fedratedec,0
JPYUSD,cum15,RF,VIXCLS,10
JPYUSD,cum15,RF,surp_newhomesales,9
JPYUSD,cum15,RF,surp_dgorders,8
JPYUSD,cum15,RF,surp_indprod,7
JPYUSD,cum15,RF,surp_retsales,6
JPYUSD,cum15,RF,surp_nfp,5
JPYUSD,cum15,RF,surp_tradebal,4
JPYUSD,cum15,RF,surp_ism_pmi,3
JPYUSD,cum15,RF,surp_consconfid,2
JPYUSD,cum15,RF,surp_corecpi,1
JPYUSD,cum15,RF,surp_unemp,0
JPYUSD,cum15,RF,surp_gdp,0
JPYUSD,cum15,RF,surp_avghourlyearnings,0
JPYUSD,cum15,RF,surp_cpi,0
JPYUSD,cum15,RF,surp_fedratedec,0
JPYUSD,cum3,LGB,VIXCLS,10
JPYUSD,cum3,LGB,surp_tradebal,9
JPYUSD,cum3,LGB,surp_ism_pmi,8
JPYUSD,cum3,LGB,surp_nfp,7
JPYUSD,cum3,LGB,surp_consconfid,6
JPYUSD,cum3,LGB,surp_newhomesales,5
JPYUSD,cum3,LGB,surp_retsales,4
JPYUSD,cum3,LGB,surp_dgorders,3
JPYUSD,cum3,LGB,surp_indprod,2
JPYUSD,cum3,LGB,surp_unemp,1
JPYUSD,cum3,LGB,surp_corecpi,0
JPYUSD,cum3,LGB,surp_gdp,0
JPYUSD,cum3,LGB,surp_avghourlyearnings,0
JPYUSD,cum3,LGB,surp_cpi,0
JPYUSD,cum3,LGB,surp_fedratedec,0
JPYUSD,cum3,RF,VIXCLS,10
JPYUSD,cum3,RF,surp_ism_pmi,9
JPYUSD,cum3,RF,surp_consconfid,8
JPYUSD,cum3,RF,surp_retsales,7
JPYUSD,cum3,RF,surp_newhomesales,6
JPYUSD,cum3,RF,surp_nfp,5
JPYUSD,cum3,RF,surp_tradebal,4
JPYUSD,cum3,RF,surp_dgorders,3
JPYUSD,cum3,RF,surp_indprod,2
JPYUSD,cum3,RF,surp_avghourlyearnings,1
JPYUSD,cum3,RF,surp_unemp,0
JPYUSD,cum3,RF,surp_corecpi,0
JPYUSD,cum3,RF,surp_gdp,0
JPYUSD,cum3,RF,surp_cpi,0
JPYUSD,cum3,RF,surp_fedratedec,0
JPYUSD,cum5,LGB,VIXCLS,2
JPYUSD,cum5,LGB,surp_nfp,1
JPYUSD,cum5,LGB,surp_unemp,0
JPYUSD,cum5,LGB,surp_corecpi,0
JPYUSD,cum5,LGB,surp_gdp,0
JPYUSD,cum5,LGB,surp_retsales,0
JPYUSD,cum5,LGB,surp_ism_pmi,0
JPYUSD,cum5,LGB,surp_dgorders,0
JPYUSD,cum5,LGB,surp_newhomesales,0
JPYUSD,cum5,LGB,surp_consconfid,0
JPYUSD,cum5,LGB,surp_avghourlyearnings,0
JPYUSD,cum5,LGB,surp_cpi,0
JPYUSD,cum5,LGB,surp_tradebal,0
JPYUSD,cum5,LGB,surp_indprod,0
JPYUSD,cum5,LGB,surp_fedratedec,0
JPYUSD,cum5,RF,VIXCLS,10
JPYUSD,cum5,RF,surp_ism_pmi,9
JPYUSD,cum5,RF,surp_consconfid,8
JPYUSD,cum5,RF,surp_nfp,7
JPYUSD,cum5,RF,surp_avghourlyearnings,6
JPYUSD,cum5,RF,surp_dgorders,5
JPYUSD,cum5,RF,surp_unemp,4
JPYUSD,cum5,RF,surp_tradebal,3
JPYUSD,cum5,RF,surp_newhomesales,2
JPYUSD,cum5,RF,surp_retsales,1
JPYUSD,cum5,RF,surp_corecpi,0
JPYUSD,cum5,RF,surp_gdp,0
JPYUSD,cum5,RF,surp_cpi,0
JPYUSD,cum5,RF,surp_indprod,0
JPYUSD,cum5,RF,surp_fedratedec,0
JPYUSD,spot,LGB,VIXCLS,15
JPYUSD,spot,LGB,surp_nfp,14
JPYUSD,spot,LGB,surp_unemp,13
JPYUSD,spot,LGB,surp_corecpi,12
JPYUSD,spot,LGB,surp_gdp,11
JPYUSD,spot,LGB,surp_retsales,10
JPYUSD,spot,LGB,surp_ism_pmi,9
JPYUSD,spot,LGB,surp_dgorders,8
JPYUSD,spot,LGB,surp_newhomesales,7
JPYUSD,spot,LGB,surp_consconfid,6
JPYUSD,spot,LGB,surp_avghourlyearnings,5
JPYUSD,spot,LGB,surp_cpi,4
JPYUSD,spot,LGB,surp_tradebal,3
JPYUSD,spot,LGB,surp_indprod,2
JPYUSD,spot,LGB,surp_fedratedec,1
JPYUSD,spot,RF,VIXCLS,15
JPYUSD,spot,RF,surp_nfp,14
JPYUSD,spot,RF,surp_unemp,13
JPYUSD,spot,RF,surp_corecpi,12
JPYUSD,spot,RF,surp_gdp,11
JPYUSD,spot,RF,surp_retsales,10
JPYUSD,spot,RF,surp_ism_pmi,9
JPYUSD,spot,RF,surp_dgorders,8
JPYUSD,spot,RF,surp_newhomesales,7
JPYUSD,spot,RF,surp_consconfid,6
JPYUSD,spot,RF,surp_avghourlyearnings,5
JPYUSD,spot,RF,surp_cpi,4
JPYUSD,spot,RF,surp_tradebal,3
JPYUSD,spot,RF,surp_indprod,2
JPYUSD,spot,RF,surp_fedratedec,1
RUT,cum10,LGB,VIXCLS,1
RUT,cum10,LGB,surp_nfp,0
RUT,cum10,LGB,surp_unemp,0
RUT,cum10,LGB,surp_corecpi,0
RUT,cum10,LGB,surp_gdp,0
RUT,cum10,LGB,surp_retsales,0
RUT,cum10,LGB,surp_ism_pmi,0
RUT,cum10,LGB,surp_dgorders,0
RUT,cum10,LGB,surp_newhomesales,0
RUT,cum10,LGB,surp_consconfid,0
RUT,cum10,LGB,surp_avghourlyearnings,0
RUT,cum10,LGB,surp_cpi,0
RUT,cum10,LGB,surp_tradebal,0
RUT,cum10,LGB,surp_indprod,0
RUT,cum10,LGB,surp_fedratedec,0
RUT,cum10,RF,VIXCLS,1
RUT,cum10,RF,surp_nfp,0
RUT,cum10,RF,surp_unemp,0
RUT,cum10,RF,surp_corecpi,0
RUT,cum10,RF,surp_gdp,0
RUT,cum10,RF,surp_retsales,0
RUT,cum10,RF,surp_ism_pmi,0
RUT,cum10,RF,surp_dgorders,0
RUT,cum10,RF,surp_newhomesales,0
RUT,cum10,RF,surp_consconfid,0
RUT,cum10,RF,surp_avghourlyearnings,0
RUT,cum10,RF,surp_cpi,0
RUT,cum10,RF,surp_tradebal,0
RUT,cum10,RF,surp_indprod,0
RUT,cum10,RF,surp_fedratedec,0
RUT,cum15,LGB,VIXCLS,1
RUT,cum15,LGB,surp_nfp,0
RUT,cum15,LGB,surp_unemp,0
RUT,cum15,LGB,surp_corecpi,0
RUT,cum15,LGB,surp_gdp,0
RUT,cum15,LGB,surp_retsales,0
RUT,cum15,LGB,surp_ism_pmi,0
RUT,cum15,LGB,surp_dgorders,0
RUT,cum15,LGB,surp_newhomesales,0
RUT,cum15,LGB,surp_consconfid,0
RUT,cum15,LGB,surp_avghourlyearnings,0
RUT,cum15,LGB,surp_cpi,0
RUT,cum15,LGB,surp_tradebal,0
RUT,cum15,LGB,surp_indprod,0
RUT,cum15,LGB,surp_fedratedec,0
RUT,cum15,RF,VIXCLS,10
RUT,cum15,RF,surp_consconfid,9
RUT,cum15,RF,surp_tradebal,8
RUT,cum15,RF,surp_nfp,7
RUT,cum15,RF,surp_ism_pmi,6
RUT,cum15,RF,surp_retsales,5
RUT,cum15,RF,surp_dgorders,4
RUT,cum15,RF,surp_indprod,3
RUT,cum15,RF,surp_newhomesales,2
RUT,cum15,RF,surp_unemp,1
RUT,cum15,RF,surp_corecpi,0
RUT,cum15,RF,surp_gdp,0
RUT,cum15,RF,surp_avghourlyearnings,0
RUT,cum15,RF,surp_cpi,0
RUT,cum15,RF,surp_fedratedec,0
RUT,cum3,LGB,VIXCLS,1
RUT,cum3,LGB,surp_nfp,0
RUT,cum3,LGB,surp_unemp,0
RUT,cum3,LGB,surp_corecpi,0
RUT,cum3,LGB,surp_gdp,0
RUT,cum3,LGB,surp_retsales,0
RUT,cum3,LGB,surp_ism_pmi,0
RUT,cum3,LGB,surp_dgorders,0
RUT,cum3,LGB,surp_newhomesales,0
RUT,cum3,LGB,surp_consconfid,0
RUT,cum3,LGB,surp_avghourlyearnings,0
RUT,cum3,LGB,surp_cpi,0
RUT,cum3,LGB,surp_tradebal,0
RUT,cum3,LGB,surp_indprod,0
RUT,cum3,LGB,surp_fedratedec,0
RUT,cum3,RF,VIXCLS,1
RUT,cum3,RF,surp_nfp,0
RUT,cum3,RF,surp_unemp,0
RUT,cum3,RF,surp_corecpi,0
RUT,cum3,RF,surp_gdp,0
RUT,cum3,RF,surp_retsales,0
RUT,cum3,RF,surp_ism_pmi,0
RUT,cum3,RF,surp_dgorders,0
RUT,cum3,RF,surp_newhomesales,0
RUT,cum3,RF,surp_consconfid,0
RUT,cum3,RF,surp_avghourlyearnings,0
RUT,cum3,RF,surp_cpi,0
RUT,cum3,RF,surp_tradebal,0
RUT,cum3,RF,surp_indprod,0
RUT,cum3,RF,surp_fedratedec,0
RUT,cum5,LGB,VIXCLS,1
RUT,cum5,LGB,surp_nfp,0
RUT,cum5,LGB,surp_unemp,0
RUT,cum5,LGB,surp_corecpi,0
RUT,cum5,LGB,surp_gdp,0
RUT,cum5,LGB,surp_retsales,0
RUT,cum5,LGB,surp_ism_pmi,0
RUT,cum5,LGB,surp_dgorders,0
RUT,cum5,LGB,surp_newhomesales,0
RUT,cum5,LGB,surp_consconfid,0
RUT,cum5,LGB,surp_avghourlyearnings,0
RUT,cum5,LGB,surp_cpi,0
RUT,cum5,LGB,surp_tradebal,0
RUT,cum5,LGB,surp_indprod,0
RUT,cum5,LGB,surp_fedratedec,0
RUT,cum5,RF,VIXCLS,1
RUT,cum5,RF,surp_nfp,0
RUT,cum5,RF,surp_unemp,0
RUT,cum5,RF,surp_corecpi,0
RUT,cum5,RF,surp_gdp,0
RUT,cum5,RF,surp_retsales,0
RUT,cum5,RF,surp_ism_pmi,0
RUT,cum5,RF,surp_dgorders,0
RUT,cum5,RF,surp_newhomesales,0
RUT,cum5,RF,surp_consconfid,0
RUT,cum5,RF,surp_avghourlyearnings,0
RUT,cum5,RF,surp_cpi,0
RUT,cum5,RF,surp_tradebal,0
RUT,cum5,RF,surp_indprod,0
RUT,cum5,RF,surp_fedratedec,0
RUT,spot,LGB,VIXCLS,15
RUT,spot,LGB,surp_nfp,14
RUT,spot,LGB,surp_unemp,13
RUT,spot,LGB,surp_corecpi,12
RUT,spot,LGB,surp_gdp,11
RUT,spot,LGB,surp_retsales,10
RUT,spot,LGB,surp_ism_pmi,9
RUT,spot,LGB,surp_dgorders,8
RUT,spot,LGB,surp_newhomesales,7
RUT,spot,LGB,surp_consconfid,6
RUT,spot,LGB,surp_avghourlyearnings,5
RUT,spot,LGB,surp_cpi,4
RUT,spot,LGB,surp_tradebal,3
RUT,spot,LGB,surp_indprod,2
RUT,spot,LGB,surp_fedratedec,1
RUT,spot,RF,VIXCLS,15
RUT,spot,RF,surp_tradebal,14
RUT,spot,RF,surp_dgorders,13
RUT,spot,RF,surp_consconfid,12
RUT,spot,RF,surp_ism_pmi,11
RUT,spot,RF,surp_nfp,10
RUT,spot,RF,surp_newhomesales,9
RUT,spot,RF,surp_retsales,8
RUT,spot,RF,surp_indprod,7
RUT,spot,RF,surp_unemp,6
RUT,spot,RF,surp_avghourlyearnings,5
RUT,spot,RF,surp_cpi,4
RUT,spot,RF,surp_corecpi,3
RUT,spot,RF,surp_gdp,2
RUT,spot,RF,surp_fedratedec,1
XLE,cum10,LGB,VIXCLS,1
XLE,cum10,LGB,surp_nfp,0
XLE,cum10,LGB,surp_unemp,0
XLE,cum10,LGB,surp_corecpi,0
XLE,cum10,LGB,surp_gdp,0
XLE,cum10,LGB,surp_retsales,0
XLE,cum10,LGB,surp_ism_pmi,0
XLE,cum10,LGB,surp_dgorders,0
XLE,cum10,LGB,surp_newhomesales,0
XLE,cum10,LGB,surp_consconfid,0
XLE,cum10,LGB,surp_avghourlyearnings,0
XLE,cum10,LGB,surp_cpi,0
XLE,cum10,LGB,surp_tradebal,0
XLE,cum10,LGB,surp_indprod,0
XLE,cum10,LGB,surp_fedratedec,0
XLE,cum10,RF,VIXCLS,1
XLE,cum10,RF,surp_nfp,0
XLE,cum10,RF,surp_unemp,0
XLE,cum10,RF,surp_corecpi,0
XLE,cum10,RF,surp_gdp,0
XLE,cum10,RF,surp_retsales,0
XLE,cum10,RF,surp_ism_pmi,0
XLE,cum10,RF,surp_dgorders,0
XLE,cum10,RF,surp_newhomesales,0
XLE,cum10,RF,surp_consconfid,0
XLE,cum10,RF,surp_avghourlyearnings,0
XLE,cum10,RF,surp_cpi,0
XLE,cum10,RF,surp_tradebal,0
XLE,cum10,RF,surp_indprod,0
XLE,cum10,RF,surp_fedratedec,0
XLE,cum15,LGB,VIXCLS,1
XLE,cum15,LGB,surp_nfp,0
XLE,cum15,LGB,surp_unemp,0
XLE,cum15,LGB,surp_corecpi,0
XLE,cum15,LGB,surp_gdp,0
XLE,cum15,LGB,surp_retsales,0
XLE,cum15,LGB,surp_ism_pmi,0
XLE,cum15,LGB,surp_dgorders,0
XLE,cum15,LGB,surp_newhomesales,0
XLE,cum15,LGB,surp_consconfid,0
XLE,cum15,LGB,surp_avghourlyearnings,0
XLE,cum15,LGB,surp_cpi,0
XLE,cum15,LGB,surp_tradebal,0
XLE,cum15,LGB,surp_indprod,0
XLE,cum15,LGB,surp_fedratedec,0
XLE,cum15,RF,VIXCLS,1
XLE,cum15,RF,surp_nfp,0
XLE,cum15,RF,surp_unemp,0
XLE,cum15,RF,surp_corecpi,0
XLE,cum15,RF,surp_gdp,0
XLE,cum15,RF,surp_retsales,0
XLE,cum15,RF,surp_ism_pmi,0
XLE,cum15,RF,surp_dgorders,0
XLE,cum15,RF,surp_newhomesales,0
XLE,cum15,RF,surp_consconfid,0
XLE,cum15,RF,surp_avghourlyearnings,0
XLE,cum15,RF,surp_cpi,0
XLE,cum15,RF,surp_tradebal,0
XLE,cum15,RF,surp_indprod,0
XLE,cum15,RF,surp_fedratedec,0
XLE,cum3,LGB,VIXCLS,1
XLE,cum3,LGB,surp_nfp,0
XLE,cum3,LGB,surp_unemp,0
XLE,cum3,LGB,surp_corecpi,0
XLE,cum3,LGB,surp_gdp,0
XLE,cum3,LGB,surp_retsales,0
XLE,cum3,LGB,surp_ism_pmi,0
XLE,cum3,LGB,surp_dgorders,0
XLE,cum3,LGB,surp_newhomesales,0
XLE,cum3,LGB,surp_consconfid,0
XLE,cum3,LGB,surp_avghourlyearnings,0
XLE,cum3,LGB,surp_cpi,0
XLE,cum3,LGB,surp_tradebal,0
XLE,cum3,LGB,surp_indprod,0
XLE,cum3,LGB,surp_fedratedec,0
XLE,cum3,RF,VIXCLS,10
XLE,cum3,RF,surp_ism_pmi,9
XLE,cum3,RF,surp_dgorders,8
XLE,cum3,RF,surp_consconfid,7
XLE,cum3,RF,surp_nfp,6
XLE,cum3,RF,surp_newhomesales,5
XLE,cum3,RF,surp_avghourlyearnings,4
XLE,cum3,RF,surp_cpi,3
XLE,cum3,RF,surp_tradebal,2
XLE,cum3,RF,surp_retsales,1
XLE,cum3,RF,surp_unemp,0
XLE,cum3,RF,surp_corecpi,0
XLE,cum3,RF,surp_gdp,0
XLE,cum3,RF,surp_indprod,0
XLE,cum3,RF,surp_fedratedec,0
XLE,cum5,LGB,VIXCLS,1
XLE,cum5,LGB,surp_nfp,0
XLE,cum5,LGB,surp_unemp,0
XLE,cum5,LGB,surp_corecpi,0
XLE,cum5,LGB,surp_gdp,0
XLE,cum5,LGB,surp_retsales,0
XLE,cum5,LGB,surp_ism_pmi,0
XLE,cum5,LGB,surp_dgorders,0
XLE,cum5,LGB,surp_newhomesales,0
XLE,cum5,LGB,surp_consconfid,0
XLE,cum5,LGB,surp_avghourlyearnings,0
XLE,cum5,LGB,surp_cpi,0
XLE,cum5,LGB,surp_tradebal,0
XLE,cum5,LGB,surp_indprod,0
XLE,cum5,LGB,surp_fedratedec,0
XLE,cum5,RF,VIXCLS,1
XLE,cum5,RF,surp_nfp,0
XLE,cum5,RF,surp_unemp,0
XLE,cum5,RF,surp_corecpi,0
XLE,cum5,RF,surp_gdp,0
XLE,cum5,RF,surp_retsales,0
XLE,cum5,RF,surp_ism_pmi,0
XLE,cum5,RF,surp_dgorders,0
XLE,cum5,RF,surp_newhomesales,0
XLE,cum5,RF,surp_consconfid,0
XLE,cum5,RF,surp_avghourlyearnings,0
XLE,cum5,RF,surp_cpi,0
XLE,cum5,RF,surp_tradebal,0
XLE,cum5,RF,surp_indprod,0
XLE,cum5,RF,surp_fedratedec,0
XLE,spot,LGB,VIXCLS,15
XLE,spot,LGB,surp_nfp,14
XLE,spot,LGB,surp_unemp,13
XLE,spot,LGB,surp_corecpi,12
XLE,spot,LGB,surp_gdp,11
XLE,spot,LGB,surp_retsales,10
XLE,spot,LGB,surp_ism_pmi,9
XLE,spot,LGB,surp_dgorders,8
XLE,spot,LGB,surp_newhomesales,7
XLE,spot,LGB,surp_consconfid,6
XLE,spot,LGB,surp_avghourlyearnings,5
XLE,spot,LGB,surp_cpi,4
XLE,spot,LGB,surp_tradebal,3
XLE,spot,LGB,surp_indprod,2
XLE,spot,LGB,surp_fedratedec,1
XLE,spot,RF,VIXCLS,15
XLE,spot,RF,surp_nfp,14
XLE,spot,RF,surp_unemp,13
XLE,spot,RF,surp_corecpi,12
XLE,spot,RF,surp_gdp,11
XLE,spot,RF,surp_retsales,10
XLE,spot,RF,surp_ism_pmi,9
XLE,spot,RF,surp_dgorders,8
XLE,spot,RF,surp_newhomesales,7
XLE,spot,RF,surp_consconfid,6
XLE,spot,RF,surp_avghourlyearnings,5
XLE,spot,RF,surp_cpi,4
XLE,spot,RF,surp_tradebal,3
XLE,spot,RF,surp_indprod,2
XLE,spot,RF,surp_fedratedec,1
XLF,cum10,LGB,VIXCLS,1
XLF,cum10,LGB,surp_nfp,0
XLF,cum10,LGB,surp_unemp,0
XLF,cum10,LGB,surp_corecpi,0
XLF,cum10,LGB,surp_gdp,0
XLF,cum10,LGB,surp_retsales,0
XLF,cum10,LGB,surp_ism_pmi,0
XLF,cum10,LGB,surp_dgorders,0
XLF,cum10,LGB,surp_newhomesales,0
XLF,cum10,LGB,surp_consconfid,0
XLF,cum10,LGB,surp_avghourlyearnings,0
XLF,cum10,LGB,surp_cpi,0
XLF,cum10,LGB,surp_tradebal,0
XLF,cum10,LGB,surp_indprod,0
XLF,cum10,LGB,surp_fedratedec,0
XLF,cum10,RF,VIXCLS,10
XLF,cum10,RF,surp_ism_pmi,9
XLF,cum10,RF,surp_nfp,8
XLF,cum10,RF,surp_consconfid,7
XLF,cum10,RF,surp_dgorders,6
XLF,cum10,RF,surp_avghourlyearnings,5
XLF,cum10,RF,surp_unemp,4
XLF,cum10,RF,surp_newhomesales,3
XLF,cum10,RF,surp_tradebal,2
XLF,cum10,RF,surp_retsales,1
XLF,cum10,RF,surp_corecpi,0
XLF,cum10,RF,surp_gdp,0
XLF,cum10,RF,surp_cpi,0
XLF,cum10,RF,surp_indprod,0
XLF,cum10,RF,surp_fedratedec,0
XLF,cum15,LGB,VIXCLS,1
XLF,cum15,LGB,surp_nfp,0
XLF,cum15,LGB,surp_unemp,0
XLF,cum15,LGB,surp_corecpi,0
XLF,cum15,LGB,surp_gdp,0
XLF,cum15,LGB,surp_retsales,0
XLF,cum15,LGB,surp_ism_pmi,0
XLF,cum15,LGB,surp_dgorders,0
XLF,cum15,LGB,surp_newhomesales,0
XLF,cum15,LGB,surp_consconfid,0
XLF,cum15,LGB,surp_avghourlyearnings,0
XLF,cum15,LGB,surp_cpi,0
XLF,cum15,LGB,surp_tradebal,0
XLF,cum15,LGB,surp_indprod,0
XLF,cum15,LGB,surp_fedratedec,0
XLF,cum15,RF,VIXCLS,10
XLF,cum15,RF,surp_ism_pmi,9
XLF,cum15,RF,surp_consconfid,8
XLF,cum15,RF,surp_nfp,7
XLF,cum15,RF,surp_avghourlyearnings,6
XLF,cum15,RF,surp_retsales,5
XLF,cum15,RF,surp_indprod,4
XLF,cum15,RF,surp_corecpi,3
XLF,cum15,RF,surp_newhomesales,2
XLF,cum15,RF,surp_dgorders,1
XLF,cum15,RF,surp_unemp,0
XLF,cum15,RF,surp_gdp,0
XLF,cum15,RF,surp_cpi,0
XLF,cum15,RF,surp_tradebal,0
XLF,cum15,RF,surp_fedratedec,0
XLF,cum3,LGB,VIXCLS,1
XLF,cum3,LGB,surp_nfp,0
XLF,cum3,LGB,surp_unemp,0
XLF,cum3,LGB,surp_corecpi,0
XLF,cum3,LGB,surp_gdp,0
XLF,cum3,LGB,surp_retsales,0
XLF,cum3,LGB,surp_ism_pmi,0
XLF,cum3,LGB,surp_dgorders,0
XLF,cum3,LGB,surp_newhomesales,0
XLF,cum3,LGB,surp_consconfid,0
XLF,cum3,LGB,surp_avghourlyearnings,0
XLF,cum3,LGB,surp_cpi,0
XLF,cum3,LGB,surp_tradebal,0
XLF,cum3,LGB,surp_indprod,0
XLF,cum3,LGB,surp_fedratedec,0
XLF,cum3,RF,VIXCLS,10
XLF,cum3,RF,surp_nfp,9
XLF,cum3,RF,surp_tradebal,8
XLF,cum3,RF,surp_avghourlyearnings,7
XLF,cum3,RF,surp_ism_pmi,6
XLF,cum3,RF,surp_dgorders,5
XLF,cum3,RF,surp_retsales,4
XLF,cum3,RF,surp_indprod,3
XLF,cum3,RF,surp_consconfid,2
XLF,cum3,RF,surp_newhomesales,1
XLF,cum3,RF,surp_unemp,0
XLF,cum3,RF,surp_corecpi,0
XLF,cum3,RF,surp_gdp,0
XLF,cum3,RF,surp_cpi,0
XLF,cum3,RF,surp_fedratedec,0
XLF,cum5,LGB,VIXCLS,1
XLF,cum5,LGB,surp_nfp,0
XLF,cum5,LGB,surp_unemp,0
XLF,cum5,LGB,surp_corecpi,0
XLF,cum5,LGB,surp_gdp,0
XLF,cum5,LGB,surp_retsales,0
XLF,cum5,LGB,surp_ism_pmi,0
XLF,cum5,LGB,surp_dgorders,0
XLF,cum5,LGB,surp_newhomesales,0
XLF,cum5,LGB,surp_consconfid,0
XLF,cum5,LGB,surp_avghourlyearnings,0
XLF,cum5,LGB,surp_cpi,0
XLF,cum5,LGB,surp_tradebal,0
XLF,cum5,LGB,surp_indprod,0
XLF,cum5,LGB,surp_fedratedec,0
XLF,cum5,RF,VIXCLS,1
XLF,cum5,RF,surp_nfp,0
XLF,cum5,RF,surp_unemp,0
XLF,cum5,RF,surp_corecpi,0
XLF,cum5,RF,surp_gdp,0
XLF,cum5,RF,surp_retsales,0
XLF,cum5,RF,surp_ism_pmi,0
XLF,cum5,RF,surp_dgorders,0
XLF,cum5,RF,surp_newhomesales,0
XLF,cum5,RF,surp_consconfid,0
XLF,cum5,RF,surp_avghourlyearnings,0
XLF,cum5,RF,surp_cpi,0
XLF,cum5,RF,surp_tradebal,0
XLF,cum5,RF,surp_indprod,0
XLF,cum5,RF,surp_fedratedec,0
XLF,spot,LGB,VIXCLS,15
XLF,spot,LGB,surp_nfp,14
XLF,spot,LGB,surp_unemp,13
XLF,spot,LGB,surp_corecpi,12
XLF,spot,LGB,surp_gdp,11
XLF,spot,LGB,surp_retsales,10
XLF,spot,LGB,surp_ism_pmi,9
XLF,spot,LGB,surp_dgorders,8
XLF,spot,LGB,surp_newhomesales,7
XLF,spot,LGB,surp_consconfid,6
XLF,spot,LGB,surp_avghourlyearnings,5
XLF,spot,LGB,surp_cpi,4
XLF,spot,LGB,surp_tradebal,3
XLF,spot,LGB,surp_indprod,2
XLF,spot,LGB,surp_fedratedec,1
XLF,spot,RF,VIXCLS,15
XLF,spot,RF,surp_dgorders,14
XLF,spot,RF,surp_retsales,13
XLF,spot,RF,surp_consconfid,12
XLF,spot,RF,surp_newhomesales,11
XLF,spot,RF,surp_tradebal,10
XLF,spot,RF,surp_nfp,9
XLF,spot,RF,surp_indprod,8
XLF,spot,RF,surp_ism_pmi,7
XLF,spot,RF,surp_avghourlyearnings,6
XLF,spot,RF,surp_unemp,5
XLF,spot,RF,surp_cpi,4
XLF,spot,RF,surp_corecpi,3
XLF,spot,RF,surp_gdp,2
XLF,spot,RF,surp_fedratedec,1
XLI,cum10,LGB,VIXCLS,1
XLI,cum10,LGB,surp_nfp,0
XLI,cum10,LGB,surp_unemp,0
XLI,cum10,LGB,surp_corecpi,0
XLI,cum10,LGB,surp_gdp,0
XLI,cum10,LGB,surp_retsales,0
XLI,cum10,LGB,surp_ism_pmi,0
XLI,cum10,LGB,surp_dgorders,0
XLI,cum10,LGB,surp_newhomesales,0
XLI,cum10,LGB,surp_consconfid,0
XLI,cum10,LGB,surp_avghourlyearnings,0
XLI,cum10,LGB,surp_cpi,0
XLI,cum10,LGB,surp_tradebal,0
XLI,cum10,LGB,surp_indprod,0
XLI,cum10,LGB,surp_fedratedec,0
XLI,cum10,RF,VIXCLS,1
XLI,cum10,RF,surp_nfp,0
XLI,cum10,RF,surp_unemp,0
XLI,cum10,RF,surp_corecpi,0
XLI,cum10,RF,surp_gdp,0
XLI,cum10,RF,surp_retsales,0
XLI,cum10,RF,surp_ism_pmi,0
XLI,cum10,RF,surp_dgorders,0
XLI,cum10,RF,surp_newhomesales,0
XLI,cum10,RF,surp_consconfid,0
XLI,cum10,RF,surp_avghourlyearnings,0
XLI,cum10,RF,surp_cpi,0
XLI,cum10,RF,surp_tradebal,0
XLI,cum10,RF,surp_indprod,0
XLI,cum10,RF,surp_fedratedec,0
XLI,cum15,LGB,VIXCLS,1
XLI,cum15,LGB,surp_nfp,0
XLI,cum15,LGB,surp_unemp,0
XLI,cum15,LGB,surp_corecpi,0
XLI,cum15,LGB,surp_gdp,0
XLI,cum15,LGB,surp_retsales,0
XLI,cum15,LGB,surp_ism_pmi,0
XLI,cum15,LGB,surp_dgorders,0
XLI,cum15,LGB,surp_newhomesales,0
XLI,cum15,LGB,surp_consconfid,0
XLI,cum15,LGB,surp_avghourlyearnings,0
XLI,cum15,LGB,surp_cpi,0
XLI,cum15,LGB,surp_tradebal,0
XLI,cum15,LGB,surp_indprod,0
XLI,cum15,LGB,surp_fedratedec,0
XLI,cum15,RF,VIXCLS,10
XLI,cum15,RF,surp_ism_pmi,9
XLI,cum15,RF,surp_nfp,8
XLI,cum15,RF,surp_consconfid,7
XLI,cum15,RF,surp_tradebal,6
XLI,cum15,RF,surp_avghourlyearnings,5
XLI,cum15,RF,surp_retsales,4
XLI,cum15,RF,surp_newhomesales,3
XLI,cum15,RF,surp_dgorders,2
XLI,cum15,RF,surp_indprod,1
XLI,cum15,RF,surp_unemp,0
XLI,cum15,RF,surp_corecpi,0
XLI,cum15,RF,surp_gdp,0
XLI,cum15,RF,surp_cpi,0
XLI,cum15,RF,surp_fedratedec,0
XLI,cum3,LGB,VIXCLS,1
XLI,cum3,LGB,surp_nfp,0
XLI,cum3,LGB,surp_unemp,0
XLI,cum3,LGB,surp_corecpi,0
XLI,cum3,LGB,surp_gdp,0
XLI,cum3,LGB,surp_retsales,0
XLI,cum3,LGB,surp_ism_pmi,0
XLI,cum3,LGB,surp_dgorders,0
XLI,cum3,LGB,surp_newhomesales,0
XLI,cum3,LGB,surp_consconfid,0
XLI,cum3,LGB,surp_avghourlyearnings,0
XLI,cum3,LGB,surp_cpi,0
XLI,cum3,LGB,surp_tradebal,0
XLI,cum3,LGB,surp_indprod,0
XLI,cum3,LGB,surp_fedratedec,0
XLI,cum3,RF,VIXCLS,1
XLI,cum3,RF,surp_nfp,0
XLI,cum3,RF,surp_unemp,0
XLI,cum3,RF,surp_corecpi,0
XLI,cum3,RF,surp_gdp,0
XLI,cum3,RF,surp_retsales,0
XLI,cum3,RF,surp_ism_pmi,0
XLI,cum3,RF,surp_dgorders,0
XLI,cum3,RF,surp_newhomesales,0
XLI,cum3,RF,surp_consconfid,0
XLI,cum3,RF,surp_avghourlyearnings,0
XLI,cum3,RF,surp_cpi,0
XLI,cum3,RF,surp_tradebal,0
XLI,cum3,RF,surp_indprod,0
XLI,cum3,RF,surp_fedratedec,0
XLI,cum5,LGB,VIXCLS,1
XLI,cum5,LGB,surp_nfp,0
XLI,cum5,LGB,surp_unemp,0
XLI,cum5,LGB,surp_corecpi,0
XLI,cum5,LGB,surp_gdp,0
XLI,cum5,LGB,surp_retsales,0
XLI,cum5,LGB,surp_ism_pmi,0
XLI,cum5,LGB,surp_dgorders,0
XLI,cum5,LGB,surp_newhomesales,0
XLI,cum5,LGB,surp_consconfid,0
XLI,cum5,LGB,surp_avghourlyearnings,0
XLI,cum5,LGB,surp_cpi,0
XLI,cum5,LGB,surp_tradebal,0
XLI,cum5,LGB,surp_indprod,0
XLI,cum5,LGB,surp_fedratedec,0
XLI,cum5,RF,VIXCLS,1
XLI,cum5,RF,surp_nfp,0
XLI,cum5,RF,surp_unemp,0
XLI,cum5,RF,surp_corecpi,0
XLI,cum5,RF,surp_gdp,0
XLI,cum5,RF,surp_retsales,0
XLI,cum5,RF,surp_ism_pmi,0
XLI,cum5,RF,surp_dgorders,0
XLI,cum5,RF,surp_newhomesales,0
XLI,cum5,RF,surp_consconfid,0
XLI,cum5,RF,surp_avghourlyearnings,0
XLI,cum5,RF,surp_cpi,0
XLI,cum5,RF,surp_tradebal,0
XLI,cum5,RF,surp_indprod,0
XLI,cum5,RF,surp_fedratedec,0
XLI,spot,LGB,VIXCLS,15
XLI,spot,LGB,surp_nfp,14
XLI,spot,LGB,surp_unemp,13
XLI,spot,LGB,surp_corecpi,12
XLI,spot,LGB,surp_gdp,11
XLI,spot,LGB,surp_retsales,10
XLI,spot,LGB,surp_ism_pmi,9
XLI,spot,LGB,surp_dgorders,8
XLI,spot,LGB,surp_newhomesales,7
XLI,spot,LGB,surp_consconfid,6
XLI,spot,LGB,surp_avghourlyearnings,5
XLI,spot,LGB,surp_cpi,4
XLI,spot,LGB,surp_tradebal,3
XLI,spot,LGB,surp_indprod,2
XLI,spot,LGB,surp_fedratedec,1
XLI,spot,RF,VIXCLS,15
XLI,spot,RF,surp_nfp,14
XLI,spot,RF,surp_unemp,13
XLI,spot,RF,surp_corecpi,12
XLI,spot,RF,surp_gdp,11
XLI,spot,RF,surp_retsales,10
XLI,spot,RF,surp_ism_pmi,9
XLI,spot,RF,surp_dgorders,8
XLI,spot,RF,surp_newhomesales,7
XLI,spot,RF,surp_consconfid,6
XLI,spot,RF,surp_avghourlyearnings,5
XLI,spot,RF,surp_cpi,4
XLI,spot,RF,surp_tradebal,3
XLI,spot,RF,surp_indprod,2
XLI,spot,RF,surp_fedratedec,1
XLK,cum10,LGB,VIXCLS,1
XLK,cum10,LGB,surp_nfp,0
XLK,cum10,LGB,surp_unemp,0
XLK,cum10,LGB,surp_corecpi,0
XLK,cum10,LGB,surp_gdp,0
XLK,cum10,LGB,surp_retsales,0
XLK,cum10,LGB,surp_ism_pmi,0
XLK,cum10,LGB,surp_dgorders,0
XLK,cum10,LGB,surp_newhomesales,0
XLK,cum10,LGB,surp_consconfid,0
XLK,cum10,LGB,surp_avghourlyearnings,0
XLK,cum10,LGB,surp_cpi,0
XLK,cum10,LGB,surp_tradebal,0
XLK,cum10,LGB,surp_indprod,0
XLK,cum10,LGB,surp_fedratedec,0
XLK,cum10,RF,VIXCLS,10
XLK,cum10,RF,surp_ism_pmi,9
XLK,cum10,RF,surp_consconfid,8
XLK,cum10,RF,surp_dgorders,7
XLK,cum10,RF,surp_nfp,6
XLK,cum10,RF,surp_tradebal,5
XLK,cum10,RF,surp_newhomesales,4
XLK,cum10,RF,surp_retsales,3
XLK,cum10,RF,surp_avghourlyearnings,2
XLK,cum10,RF,surp_corecpi,1
XLK,cum10,RF,surp_unemp,0
XLK,cum10,RF,surp_gdp,0
XLK,cum10,RF,surp_cpi,0
XLK,cum10,RF,surp_indprod,0
XLK,cum10,RF,surp_fedratedec,0
XLK,cum15,LGB,VIXCLS,10
XLK,cum15,LGB,surp_ism_pmi,9
XLK,cum15,LGB,surp_consconfid,8
XLK,cum15,LGB,surp_tradebal,7
XLK,cum15,LGB,surp_dgorders,6
XLK,cum15,LGB,surp_newhomesales,5
XLK,cum15,LGB,surp_indprod,4
XLK,cum15,LGB,surp_retsales,3
XLK,cum15,LGB,surp_cpi,2
XLK,cum15,LGB,surp_avghourlyearnings,1
XLK,cum15,LGB,surp_nfp,0
XLK,cum15,LGB,surp_unemp,0
XLK,cum15,LGB,surp_corecpi,0
XLK,cum15,LGB,surp_gdp,0
XLK,cum15,LGB,surp_fedratedec,0
XLK,cum15,RF,VIXCLS,10
XLK,cum15,RF,surp_ism_pmi,9
XLK,cum15,RF,surp_consconfid,8
XLK,cum15,RF,surp_nfp,7
XLK,cum15,RF,surp_tradebal,6
XLK,cum15,RF,surp_dgorders,5
XLK,cum15,RF,surp_retsales,4
XLK,cum15,RF,surp_newhomesales,3
XLK,cum15,RF,surp_indprod,2
XLK,cum15,RF,surp_corecpi,1
XLK,cum15,RF,surp_unemp,0
XLK,cum15,RF,surp_gdp,0
XLK,cum15,RF,surp_avghourlyearnings,0
XLK,cum15,RF,surp_cpi,0
XLK,cum15,RF,surp_fedratedec,0
XLK,cum3,LGB,VIXCLS,1
XLK,cum3,LGB,surp_nfp,0
XLK,cum3,LGB,surp_unemp,0
XLK,cum3,LGB,surp_corecpi,0
XLK,cum3,LGB,surp_gdp,0
XLK,cum3,LGB,surp_retsales,0
XLK,cum3,LGB,surp_ism_pmi,0
XLK,cum3,LGB,surp_dgorders,0
XLK,cum3,LGB,surp_newhomesales,0
XLK,cum3,LGB,surp_consconfid,0
XLK,cum3,LGB,surp_avghourlyearnings,0
XLK,cum3,LGB,surp_cpi,0
XLK,cum3,LGB,surp_tradebal,0
XLK,cum3,LGB,surp_indprod,0
XLK,cum3,LGB,surp_fedratedec,0
XLK,cum3,RF,VIXCLS,1
XLK,cum3,RF,surp_nfp,0
XLK,cum3,RF,surp_unemp,0
XLK,cum3,RF,surp_corecpi,0
XLK,cum3,RF,surp_gdp,0
XLK,cum3,RF,surp_retsales,0
XLK,cum3,RF,surp_ism_pmi,0
XLK,cum3,RF,surp_dgorders,0
XLK,cum3,RF,surp_newhomesales,0
XLK,cum3,RF,surp_consconfid,0
XLK,cum3,RF,surp_avghourlyearnings,0
XLK,cum3,RF,surp_cpi,0
XLK,cum3,RF,surp_tradebal,0
XLK,cum3,RF,surp_indprod,0
XLK,cum3,RF,surp_fedratedec,0
XLK,cum5,LGB,VIXCLS,1
XLK,cum5,LGB,surp_nfp,0
XLK,cum5,LGB,surp_unemp,0
XLK,cum5,LGB,surp_corecpi,0
XLK,cum5,LGB,surp_gdp,0
XLK,cum5,LGB,surp_retsales,0
XLK,cum5,LGB,surp_ism_pmi,0
XLK,cum5,LGB,surp_dgorders,0
XLK,cum5,LGB,surp_newhomesales,0
XLK,cum5,LGB,surp_consconfid,0
XLK,cum5,LGB,surp_avghourlyearnings,0
XLK,cum5,LGB,surp_cpi,0
XLK,cum5,LGB,surp_tradebal,0
XLK,cum5,LGB,surp_indprod,0
XLK,cum5,LGB,surp_fedratedec,0
XLK,cum5,RF,VIXCLS,1
XLK,cum5,RF,surp_nfp,0
XLK,cum5,RF,surp_unemp,0
XLK,cum5,RF,surp_corecpi,0
XLK,cum5,RF,surp_gdp,0
XLK,cum5,RF,surp_retsales,0
XLK,cum5,RF,surp_ism_pmi,0
XLK,cum5,RF,surp_dgorders,0
XLK,cum5,RF,surp_newhomesales,0
XLK,cum5,RF,surp_consconfid,0
XLK,cum5,RF,surp_avghourlyearnings,0
XLK,cum5,RF,surp_cpi,0
XLK,cum5,RF,surp_tradebal,0
XLK,cum5,RF,surp_indprod,0
XLK,cum5,RF,surp_fedratedec,0
XLK,spot,LGB,VIXCLS,15
XLK,spot,LGB,surp_nfp,14
XLK,spot,LGB,surp_unemp,13
XLK,spot,LGB,surp_corecpi,12
XLK,spot,LGB,surp_gdp,11
XLK,spot,LGB,surp_retsales,10
XLK,spot,LGB,surp_ism_pmi,9
XLK,spot,LGB,surp_dgorders,8
XLK,spot,LGB,surp_newhomesales,7
XLK,spot,LGB,surp_consconfid,6
XLK,spot,LGB,surp_avghourlyearnings,5
XLK,spot,LGB,surp_cpi,4
XLK,spot,LGB,surp_tradebal,3
XLK,spot,LGB,surp_indprod,2
XLK,spot,LGB,surp_fedratedec,1
XLK,spot,RF,VIXCLS,15
XLK,spot,RF,surp_nfp,14
XLK,spot,RF,surp_unemp,13
XLK,spot,RF,surp_corecpi,12
XLK,spot,RF,surp_gdp,11
XLK,spot,RF,surp_retsales,10
XLK,spot,RF,surp_ism_pmi,9
XLK,spot,RF,surp_dgorders,8
XLK,spot,RF,surp_newhomesales,7
XLK,spot,RF,surp_consconfid,6
XLK,spot,RF,surp_avghourlyearnings,5
XLK,spot,RF,surp_cpi,4
XLK,spot,RF,surp_tradebal,3
XLK,spot,RF,surp_indprod,2
XLK,spot,RF,surp_fedratedec,1
XLV,cum10,LGB,VIXCLS,1
XLV,cum10,LGB,surp_nfp,0
XLV,cum10,LGB,surp_unemp,0
XLV,cum10,LGB,surp_corecpi,0
XLV,cum10,LGB,surp_gdp,0
XLV,cum10,LGB,surp_retsales,0
XLV,cum10,LGB,surp_ism_pmi,0
XLV,cum10,LGB,surp_dgorders,0
XLV,cum10,LGB,surp_newhomesales,0
XLV,cum10,LGB,surp_consconfid,0
XLV,cum10,LGB,surp_avghourlyearnings,0
XLV,cum10,LGB,surp_cpi,0
XLV,cum10,LGB,surp_tradebal,0
XLV,cum10,LGB,surp_indprod,0
XLV,cum10,LGB,surp_fedratedec,0
XLV,cum10,RF,VIXCLS,1
XLV,cum10,RF,surp_nfp,0
XLV,cum10,RF,surp_unemp,0
XLV,cum10,RF,surp_corecpi,0
XLV,cum10,RF,surp_gdp,0
XLV,cum10,RF,surp_retsales,0
XLV,cum10,RF,surp_ism_pmi,0
XLV,cum10,RF,surp_dgorders,0
XLV,cum10,RF,surp_newhomesales,0
XLV,cum10,RF,surp_consconfid,0
XLV,cum10,RF,surp_avghourlyearnings,0
XLV,cum10,RF,surp_cpi,0
XLV,cum10,RF,surp_tradebal,0
XLV,cum10,RF,surp_indprod,0
XLV,cum10,RF,surp_fedratedec,0
XLV,cum15,LGB,VIXCLS,1
XLV,cum15,LGB,surp_nfp,0
XLV,cum15,LGB,surp_unemp,0
XLV,cum15,LGB,surp_corecpi,0
XLV,cum15,LGB,surp_gdp,0
XLV,cum15,LGB,surp_retsales,0
XLV,cum15,LGB,surp_ism_pmi,0
XLV,cum15,LGB,surp_dgorders,0
XLV,cum15,LGB,surp_newhomesales,0
XLV,cum15,LGB,surp_consconfid,0
XLV,cum15,LGB,surp_avghourlyearnings,0
XLV,cum15,LGB,surp_cpi,0
XLV,cum15,LGB,surp_tradebal,0
XLV,cum15,LGB,surp_indprod,0
XLV,cum15,LGB,surp_fedratedec,0
XLV,cum15,RF,VIXCLS,1
XLV,cum15,RF,surp_nfp,0
XLV,cum15,RF,surp_unemp,0
XLV,cum15,RF,surp_corecpi,0
XLV,cum15,RF,surp_gdp,0
XLV,cum15,RF,surp_retsales,0
XLV,cum15,RF,surp_ism_pmi,0
XLV,cum15,RF,surp_dgorders,0
XLV,cum15,RF,surp_newhomesales,0
XLV,cum15,RF,surp_consconfid,0
XLV,cum15,RF,surp_avghourlyearnings,0
XLV,cum15,RF,surp_cpi,0
XLV,cum15,RF,surp_tradebal,0
XLV,cum15,RF,surp_indprod,0
XLV,cum15,RF,surp_fedratedec,0
XLV,cum3,LGB,VIXCLS,1
XLV,cum3,LGB,surp_nfp,0
XLV,cum3,LGB,surp_unemp,0
XLV,cum3,LGB,surp_corecpi,0
XLV,cum3,LGB,surp_gdp,0
XLV,cum3,LGB,surp_retsales,0
XLV,cum3,LGB,surp_ism_pmi,0
XLV,cum3,LGB,surp_dgorders,0
XLV,cum3,LGB,surp_newhomesales,0
XLV,cum3,LGB,surp_consconfid,0
XLV,cum3,LGB,surp_avghourlyearnings,0
XLV,cum3,LGB,surp_cpi,0
XLV,cum3,LGB,surp_tradebal,0
XLV,cum3,LGB,surp_indprod,0
XLV,cum3,LGB,surp_fedratedec,0
XLV,cum3,RF,VIXCLS,1
XLV,cum3,RF,surp_nfp,0
XLV,cum3,RF,surp_unemp,0
XLV,cum3,RF,surp_corecpi,0
XLV,cum3,RF,surp_gdp,0
XLV,cum3,RF,surp_retsales,0
XLV,cum3,RF,surp_ism_pmi,0
XLV,cum3,RF,surp_dgorders,0
XLV,cum3,RF,surp_newhomesales,0
XLV,cum3,RF,surp_consconfid,0
XLV,cum3,RF,surp_avghourlyearnings,0
XLV,cum3,RF,surp_cpi,0
XLV,cum3,RF,surp_tradebal,0
XLV,cum3,RF,surp_indprod,0
XLV,cum3,RF,surp_fedratedec,0
XLV,cum5,LGB,VIXCLS,1
XLV,cum5,LGB,surp_nfp,0
XLV,cum5,LGB,surp_unemp,0
XLV,cum5,LGB,surp_corecpi,0
XLV,cum5,LGB,surp_gdp,0
XLV,cum5,LGB,surp_retsales,0
XLV,cum5,LGB,surp_ism_pmi,0
XLV,cum5,LGB,surp_dgorders,0
XLV,cum5,LGB,surp_newhomesales,0
XLV,cum5,LGB,surp_consconfid,0
XLV,cum5,LGB,surp_avghourlyearnings,0
XLV,cum5,LGB,surp_cpi,0
XLV,cum5,LGB,surp_tradebal,0
XLV,cum5,LGB,surp_indprod,0
XLV,cum5,LGB,surp_fedratedec,0
XLV,cum5,RF,VIXCLS,1
XLV,cum5,RF,surp_nfp,0
XLV,cum5,RF,surp_unemp,0
XLV,cum5,RF,surp_corecpi,0
XLV,cum5,RF,surp_gdp,0
XLV,cum5,RF,surp_retsales,0
XLV,cum5,RF,surp_ism_pmi,0
XLV,cum5,RF,surp_dgorders,0
XLV,cum5,RF,surp_newhomesales,0
XLV,cum5,RF,surp_consconfid,0
XLV,cum5,RF,surp_avghourlyearnings,0
XLV,cum5,RF,surp_cpi,0
XLV,cum5,RF,surp_tradebal,0
XLV,cum5,RF,surp_indprod,0
XLV,cum5,RF,surp_fedratedec,0
XLV,spot,LGB,VIXCLS,15
XLV,spot,LGB,surp_nfp,14
XLV,spot,LGB,surp_unemp,13
XLV,spot,LGB,surp_corecpi,12
XLV,spot,LGB,surp_gdp,11
XLV,spot,LGB,surp_retsales,10
XLV,spot,LGB,surp_ism_pmi,9
XLV,spot,LGB,surp_dgorders,8
XLV,spot,LGB,surp_newhomesales,7
XLV,spot,LGB,surp_consconfid,6
XLV,spot,LGB,surp_avghourlyearnings,5
XLV,spot,LGB,surp_cpi,4
XLV,spot,LGB,surp_tradebal,3
XLV,spot,LGB,surp_indprod,2
XLV,spot,LGB,surp_fedratedec,1
XLV,spot,RF,VIXCLS,15
XLV,spot,RF,surp_dgorders,14
XLV,spot,RF,surp_tradebal,13
XLV,spot,RF,surp_consconfid,12
XLV,spot,RF,surp_newhomesales,11
XLV,spot,RF,surp_nfp,10
XLV,spot,RF,surp_ism_pmi,9
XLV,spot,RF,surp_retsales,8
XLV,spot,RF,surp_indprod,7
XLV,spot,RF,surp_unemp,6
XLV,spot,RF,surp_avghourlyearnings,5
XLV,spot,RF,surp_cpi,4
XLV,spot,RF,surp_corecpi,3
XLV,spot,RF,surp_gdp,2
XLV,spot,RF,surp_fedratedec,1
ZN,cum10,LGB,VIXCLS,1
ZN,cum10,LGB,surp_nfp,0
ZN,cum10,LGB,surp_unemp,0
ZN,cum10,LGB,surp_corecpi,0
ZN,cum10,LGB,surp_gdp,0
ZN,cum10,LGB,surp_retsales,0
ZN,cum10,LGB,surp_ism_pmi,0
ZN,cum10,LGB,surp_dgorders,0
ZN,cum10,LGB,surp_newhomesales,0
ZN,cum10,LGB,surp_consconfid,0
ZN,cum10,LGB,surp_avghourlyearnings,0
ZN,cum10,LGB,surp_cpi,0
ZN,cum10,LGB,surp_tradebal,0
ZN,cum10,LGB,surp_indprod,0
ZN,cum10,LGB,surp_fedratedec,0
ZN,cum10,RF,VIXCLS,10
ZN,cum10,RF,surp_dgorders,9
ZN,cum10,RF,surp_retsales,8
ZN,cum10,RF,surp_tradebal,7
ZN,cum10,RF,surp_newhomesales,6
ZN,cum10,RF,surp_consconfid,5
ZN,cum10,RF,surp_nfp,4
ZN,cum10,RF,surp_ism_pmi,3
ZN,cum10,RF,surp_indprod,2
ZN,cum10,RF,surp_unemp,1
ZN,cum10,RF,surp_corecpi,0
ZN,cum10,RF,surp_gdp,0
ZN,cum10,RF,surp_avghourlyearnings,0
ZN,cum10,RF,surp_cpi,0
ZN,cum10,RF,surp_fedratedec,0
ZN,cum15,LGB,VIXCLS,1
ZN,cum15,LGB,surp_nfp,0
ZN,cum15,LGB,surp_unemp,0
ZN,cum15,LGB,surp_corecpi,0
ZN,cum15,LGB,surp_gdp,0
ZN,cum15,LGB,surp_retsales,0
ZN,cum15,LGB,surp_ism_pmi,0
ZN,cum15,LGB,surp_dgorders,0
ZN,cum15,LGB,surp_newhomesales,0
ZN,cum15,LGB,surp_consconfid,0
ZN,cum15,LGB,surp_avghourlyearnings,0
ZN,cum15,LGB,surp_cpi,0
ZN,cum15,LGB,surp_tradebal,0
ZN,cum15,LGB,surp_indprod,0
ZN,cum15,LGB,surp_fedratedec,0
ZN,cum15,RF,VIXCLS,10
ZN,cum15,RF,surp_dgorders,9
ZN,cum15,RF,surp_tradebal,8
ZN,cum15,RF,surp_newhomesales,7
ZN,cum15,RF,surp_indprod,6
ZN,cum15,RF,surp_consconfid,5
ZN,cum15,RF,surp_ism_pmi,4
ZN,cum15,RF,surp_retsales,3
ZN,cum15,RF,surp_nfp,2
ZN,cum15,RF,surp_avghourlyearnings,1
ZN,cum15,RF,surp_unemp,0
ZN,cum15,RF,surp_corecpi,0
ZN,cum15,RF,surp_gdp,0
ZN,cum15,RF,surp_cpi,0
ZN,cum15,RF,surp_fedratedec,0
ZN,cum3,LGB,VIXCLS,1
ZN,cum3,LGB,surp_nfp,0
ZN,cum3,LGB,surp_unemp,0
ZN,cum3,LGB,surp_corecpi,0
ZN,cum3,LGB,surp_gdp,0
ZN,cum3,LGB,surp_retsales,0
ZN,cum3,LGB,surp_ism_pmi,0
ZN,cum3,LGB,surp_dgorders,0
ZN,cum3,LGB,surp_newhomesales,0
ZN,cum3,LGB,surp_consconfid,0
ZN,cum3,LGB,surp_avghourlyearnings,0
ZN,cum3,LGB,surp_cpi,0
ZN,cum3,LGB,surp_tradebal,0
ZN,cum3,LGB,surp_indprod,0
ZN,cum3,LGB,surp_fedratedec,0
ZN,cum3,RF,VIXCLS,10
ZN,cum3,RF,surp_dgorders,9
ZN,cum3,RF,surp_tradebal,8
ZN,cum3,RF,surp_retsales,7
ZN,cum3,RF,surp_ism_pmi,6
ZN,cum3,RF,surp_newhomesales,5
ZN,cum3,RF,surp_consconfid,4
ZN,cum3,RF,surp_indprod,3
ZN,cum3,RF,surp_nfp,2
ZN,cum3,RF,surp_unemp,1
ZN,cum3,RF,surp_corecpi,0
ZN,cum3,RF,surp_gdp,0
ZN,cum3,RF,surp_avghourlyearnings,0
ZN,cum3,RF,surp_cpi,0
ZN,cum3,RF,surp_fedratedec,0
ZN,cum5,LGB,VIXCLS,1
ZN,cum5,LGB,surp_nfp,0
ZN,cum5,LGB,surp_unemp,0
ZN,cum5,LGB,surp_corecpi,0
ZN,cum5,LGB,surp_gdp,0
ZN,cum5,LGB,surp_retsales,0
ZN,cum5,LGB,surp_ism_pmi,0
ZN,cum5,LGB,surp_dgorders,0
ZN,cum5,LGB,surp_newhomesales,0
ZN,cum5,LGB,surp_consconfid,0
ZN,cum5,LGB,surp_avghourlyearnings,0
ZN,cum5,LGB,surp_cpi,0
ZN,cum5,LGB,surp_tradebal,0
ZN,cum5,LGB,surp_indprod,0
ZN,cum5,LGB,surp_fedratedec,0
ZN,cum5,RF,VIXCLS,10
ZN,cum5,RF,surp_indprod,9
ZN,cum5,RF,surp_dgorders,8
ZN,cum5,RF,surp_nfp,7
ZN,cum5,RF,surp_corecpi,6
ZN,cum5,RF,surp_retsales,5
ZN,cum5,RF,surp_tradebal,4
ZN,cum5,RF,surp_newhomesales,3
ZN,cum5,RF,surp_ism_pmi,2
ZN,cum5,RF,surp_cpi,1
ZN,cum5,RF,surp_unemp,0
ZN,cum5,RF,surp_gdp,0
ZN,cum5,RF,surp_consconfid,0
ZN,cum5,RF,surp_avghourlyearnings,0
ZN,cum5,RF,surp_fedratedec,0
ZN,spot,LGB,VIXCLS,15
ZN,spot,LGB,surp_tradebal,14
ZN,spot,LGB,surp_dgorders,13
ZN,spot,LGB,surp_consconfid,12
ZN,spot,LGB,surp_ism_pmi,11
ZN,spot,LGB,surp_nfp,10
ZN,spot,LGB,surp_retsales,9
ZN,spot,LGB,surp_newhomesales,8
ZN,spot,LGB,surp_indprod,7
ZN,spot,LGB,surp_unemp,6
ZN,spot,LGB,surp_corecpi,5
ZN,spot,LGB,surp_gdp,4
ZN,spot,LGB,surp_avghourlyearnings,3
ZN,spot,LGB,surp_cpi,2
ZN,spot,LGB,surp_fedratedec,1
ZN,spot,RF,VIXCLS,15
ZN,spot,RF,surp_retsales,14
ZN,spot,RF,surp_dgorders,13
ZN,spot,RF,surp_consconfid,12
ZN,spot,RF,surp_indprod,11
ZN,spot,RF,surp_tradebal,10
ZN,spot,RF,surp_ism_pmi,9
ZN,spot,RF,surp_newhomesales,8
ZN,spot,RF,surp_nfp,7
ZN,spot,RF,surp_unemp,6
ZN,spot,RF,surp_cpi,5
ZN,spot,RF,surp_corecpi,4
ZN,spot,RF,surp_avghourlyearnings,3
ZN,spot,RF,surp_gdp,2
ZN,spot,RF,surp_fedratedec,1
ZT,cum10,LGB,VIXCLS,1
ZT,cum10,LGB,surp_nfp,0
ZT,cum10,LGB,surp_unemp,0
ZT,cum10,LGB,surp_corecpi,0
ZT,cum10,LGB,surp_gdp,0
ZT,cum10,LGB,surp_retsales,0
ZT,cum10,LGB,surp_ism_pmi,0
ZT,cum10,LGB,surp_dgorders,0
ZT,cum10,LGB,surp_newhomesales,0
ZT,cum10,LGB,surp_consconfid,0
ZT,cum10,LGB,surp_avghourlyearnings,0
ZT,cum10,LGB,surp_cpi,0
ZT,cum10,LGB,surp_tradebal,0
ZT,cum10,LGB,surp_indprod,0
ZT,cum10,LGB,surp_fedratedec,0
ZT,cum10,RF,VIXCLS,10
ZT,cum10,RF,surp_consconfid,9
ZT,cum10,RF,surp_newhomesales,8
ZT,cum10,RF,surp_retsales,7
ZT,cum10,RF,surp_nfp,6
ZT,cum10,RF,surp_dgorders,5
ZT,cum10,RF,surp_ism_pmi,4
ZT,cum10,RF,surp_tradebal,3
ZT,cum10,RF,surp_indprod,2
ZT,cum10,RF,surp_cpi,1
ZT,cum10,RF,surp_unemp,0
ZT,cum10,RF,surp_corecpi,0
ZT,cum10,RF,surp_gdp,0
ZT,cum10,RF,surp_avghourlyearnings,0
ZT,cum10,RF,surp_fedratedec,0
ZT,cum15,LGB,VIXCLS,1
ZT,cum15,LGB,surp_nfp,0
ZT,cum15,LGB,surp_unemp,0
ZT,cum15,LGB,surp_corecpi,0
ZT,cum15,LGB,surp_gdp,0
ZT,cum15,LGB,surp_retsales,0
ZT,cum15,LGB,surp_ism_pmi,0
ZT,cum15,LGB,surp_dgorders,0
ZT,cum15,LGB,surp_newhomesales,0
ZT,cum15,LGB,surp_consconfid,0
ZT,cum15,LGB,surp_avghourlyearnings,0
ZT,cum15,LGB,surp_cpi,0
ZT,cum15,LGB,surp_tradebal,0
ZT,cum15,LGB,surp_indprod,0
ZT,cum15,LGB,surp_fedratedec,0
ZT,cum15,RF,VIXCLS,10
ZT,cum15,RF,surp_dgorders,9
ZT,cum15,RF,surp_retsales,8
ZT,cum15,RF,surp_tradebal,7
ZT,cum15,RF,surp_nfp,6
ZT,cum15,RF,surp_cpi,5
ZT,cum15,RF,surp_indprod,4
ZT,cum15,RF,surp_corecpi,3
ZT,cum15,RF,surp_consconfid,2
ZT,cum15,RF,surp_ism_pmi,1
ZT,cum15,RF,surp_unemp,0
ZT,cum15,RF,surp_gdp,0
ZT,cum15,RF,surp_newhomesales,0
ZT,cum15,RF,surp_avghourlyearnings,0
ZT,cum15,RF,surp_fedratedec,0
ZT,cum3,LGB,VIXCLS,10
ZT,cum3,LGB,surp_tradebal,9
ZT,cum3,LGB,surp_nfp,8
ZT,cum3,LGB,surp_ism_pmi,7
ZT,cum3,LGB,surp_dgorders,6
ZT,cum3,LGB,surp_consconfid,5
ZT,cum3,LGB,surp_newhomesales,4
ZT,cum3,LGB,surp_retsales,3
ZT,cum3,LGB,surp_indprod,2
ZT,cum3,LGB,surp_unemp,1
ZT,cum3,LGB,surp_corecpi,0
ZT,cum3,LGB,surp_gdp,0
ZT,cum3,LGB,surp_avghourlyearnings,0
ZT,cum3,LGB,surp_cpi,0
ZT,cum3,LGB,surp_fedratedec,0
ZT,cum3,RF,VIXCLS,10
ZT,cum3,RF,surp_dgorders,9
ZT,cum3,RF,surp_consconfid,8
ZT,cum3,RF,surp_newhomesales,7
ZT,cum3,RF,surp_tradebal,6
ZT,cum3,RF,surp_retsales,5
ZT,cum3,RF,surp_nfp,4
ZT,cum3,RF,surp_ism_pmi,3
ZT,cum3,RF,surp_indprod,2
ZT,cum3,RF,surp_unemp,1
ZT,cum3,RF,surp_corecpi,0
ZT,cum3,RF,surp_gdp,0
ZT,cum3,RF,surp_avghourlyearnings,0
ZT,cum3,RF,surp_cpi,0
ZT,cum3,RF,surp_fedratedec,0
ZT,cum5,LGB,VIXCLS,1
ZT,cum5,LGB,surp_nfp,0
ZT,cum5,LGB,surp_unemp,0
ZT,cum5,LGB,surp_corecpi,0
ZT,cum5,LGB,surp_gdp,0
ZT,cum5,LGB,surp_retsales,0
ZT,cum5,LGB,surp_ism_pmi,0
ZT,cum5,LGB,surp_dgorders,0
ZT,cum5,LGB,surp_newhomesales,0
ZT,cum5,LGB,surp_consconfid,0
ZT,cum5,LGB,surp_avghourlyearnings,0
ZT,cum5,LGB,surp_cpi,0
ZT,cum5,LGB,surp_tradebal,0
ZT,cum5,LGB,surp_indprod,0
ZT,cum5,LGB,surp_fedratedec,0
ZT,cum5,RF,VIXCLS,10
ZT,cum5,RF,surp_consconfid,9
ZT,cum5,RF,surp_dgorders,8
ZT,cum5,RF,surp_tradebal,7
ZT,cum5,RF,surp_nfp,6
ZT,cum5,RF,surp_ism_pmi,5
ZT,cum5,RF,surp_newhomesales,4
ZT,cum5,RF,surp_indprod,3
ZT,cum5,RF,surp_retsales,2
ZT,cum5,RF,surp_cpi,1
ZT,cum5,RF,surp_unemp,0
ZT,cum5,RF,surp_corecpi,0
ZT,cum5,RF,surp_gdp,0
ZT,cum5,RF,surp_avghourlyearnings,0
ZT,cum5,RF,surp_fedratedec,0
ZT,spot,LGB,VIXCLS,15
ZT,spot,LGB,surp_nfp,14
ZT,spot,LGB,surp_unemp,13
ZT,spot,LGB,surp_corecpi,12
ZT,spot,LGB,surp_gdp,11
ZT,spot,LGB,surp_retsales,10
ZT,spot,LGB,surp_ism_pmi,9
ZT,spot,LGB,surp_dgorders,8
ZT,spot,LGB,surp_newhomesales,7
ZT,spot,LGB,surp_consconfid,6
ZT,spot,LGB,surp_avghourlyearnings,5
ZT,spot,LGB,surp_cpi,4
ZT,spot,LGB,surp_tradebal,3
ZT,spot,LGB,surp_indprod,2
ZT,spot,LGB,surp_fedratedec,1
ZT,spot,RF,VIXCLS,15
ZT,spot,RF,surp_retsales,14
ZT,spot,RF,surp_dgorders,13
ZT,spot,RF,surp_indprod,12
ZT,spot,RF,surp_newhomesales,11
ZT,spot,RF,surp_ism_pmi,10
ZT,spot,RF,surp_consconfid,9
ZT,spot,RF,surp_avghourlyearnings,8
ZT,spot,RF,surp_tradebal,7
ZT,spot,RF,surp_nfp,6
ZT,spot,RF,surp_unemp,5
ZT,spot,RF,surp_cpi,4
ZT,spot,RF,surp_corecpi,3
ZT,spot,RF,surp_gdp,2
ZT,spot,RF,surp_fedratedec,1
